-- phpMyAdmin SQL Dump
-- version 5.2.1
-- https://www.phpmyadmin.net/
--
-- Servidor: 127.0.0.1
-- Tiempo de generación: 27-11-2024 a las 22:27:20
-- Versión del servidor: 10.4.32-MariaDB
-- Versión de PHP: 8.2.12

SET SQL_MODE = "NO_AUTO_VALUE_ON_ZERO";
START TRANSACTION;
SET time_zone = "+00:00";


/*!40101 SET @OLD_CHARACTER_SET_CLIENT=@@CHARACTER_SET_CLIENT */;
/*!40101 SET @OLD_CHARACTER_SET_RESULTS=@@CHARACTER_SET_RESULTS */;
/*!40101 SET @OLD_COLLATION_CONNECTION=@@COLLATION_CONNECTION */;
/*!40101 SET NAMES utf8mb4 */;

--
-- Base de datos: `proyectopokemon`
--

-- --------------------------------------------------------

--
-- Estructura de tabla para la tabla `abilities`
--

CREATE TABLE `abilities` (
  `id` int(11) NOT NULL,
  `name_abilities` varchar(50) NOT NULL,
  `generation_id` int(11) NOT NULL,
  `is_main_series` binary(1) DEFAULT NULL
) ENGINE=InnoDB DEFAULT CHARSET=utf8mb4 COLLATE=utf8mb4_general_ci;

--
-- Volcado de datos para la tabla `abilities`
--

INSERT INTO `abilities` (`id`, `name_abilities`, `generation_id`, `is_main_series`) VALUES
(1, 'stench', 3, 0x31),
(2, 'drizzle', 3, 0x31),
(3, 'speed-boost', 3, 0x31),
(4, 'battle-armor', 3, 0x31),
(5, 'sturdy', 3, 0x31),
(6, 'damp', 3, 0x31),
(7, 'limber', 3, 0x31),
(8, 'sand-veil', 3, 0x31),
(9, 'static', 3, 0x31),
(10, 'volt-absorb', 3, 0x31),
(11, 'water-absorb', 3, 0x31),
(12, 'oblivious', 3, 0x31),
(13, 'cloud-nine', 3, 0x31),
(14, 'compound-eyes', 3, 0x31),
(15, 'insomnia', 3, 0x31),
(16, 'color-change', 3, 0x31),
(17, 'immunity', 3, 0x31),
(18, 'flash-fire', 3, 0x31),
(19, 'shield-dust', 3, 0x31),
(20, 'own-tempo', 3, 0x31),
(21, 'suction-cups', 3, 0x31),
(22, 'intimidate', 3, 0x31),
(23, 'shadow-tag', 3, 0x31),
(24, 'rough-skin', 3, 0x31),
(25, 'wonder-guard', 3, 0x31),
(26, 'levitate', 3, 0x31),
(27, 'effect-spore', 3, 0x31),
(28, 'synchronize', 3, 0x31),
(29, 'clear-body', 3, 0x31),
(30, 'natural-cure', 3, 0x31),
(31, 'lightning-rod', 3, 0x31),
(32, 'serene-grace', 3, 0x31),
(33, 'swift-swim', 3, 0x31),
(34, 'chlorophyll', 3, 0x31),
(35, 'illuminate', 3, 0x31),
(36, 'trace', 3, 0x31),
(37, 'huge-power', 3, 0x31),
(38, 'poison-point', 3, 0x31),
(39, 'inner-focus', 3, 0x31),
(40, 'magma-armor', 3, 0x31),
(41, 'water-veil', 3, 0x31),
(42, 'magnet-pull', 3, 0x31),
(43, 'soundproof', 3, 0x31),
(44, 'rain-dish', 3, 0x31),
(45, 'sand-stream', 3, 0x31),
(46, 'pressure', 3, 0x31),
(47, 'thick-fat', 3, 0x31),
(48, 'early-bird', 3, 0x31),
(49, 'flame-body', 3, 0x31),
(50, 'run-away', 3, 0x31),
(51, 'keen-eye', 3, 0x31),
(52, 'hyper-cutter', 3, 0x31),
(53, 'pickup', 3, 0x31),
(54, 'truant', 3, 0x31),
(55, 'hustle', 3, 0x31),
(56, 'cute-charm', 3, 0x31),
(57, 'plus', 3, 0x31),
(58, 'minus', 3, 0x31),
(59, 'forecast', 3, 0x31),
(60, 'sticky-hold', 3, 0x31),
(61, 'shed-skin', 3, 0x31),
(62, 'guts', 3, 0x31),
(63, 'marvel-scale', 3, 0x31),
(64, 'liquid-ooze', 3, 0x31),
(65, 'overgrow', 3, 0x31),
(66, 'blaze', 3, 0x31),
(67, 'torrent', 3, 0x31),
(68, 'swarm', 3, 0x31),
(69, 'rock-head', 3, 0x31),
(70, 'drought', 3, 0x31),
(71, 'arena-trap', 3, 0x31),
(72, 'vital-spirit', 3, 0x31),
(73, 'white-smoke', 3, 0x31),
(74, 'pure-power', 3, 0x31),
(75, 'shell-armor', 3, 0x31),
(76, 'air-lock', 3, 0x31),
(77, 'tangled-feet', 4, 0x31),
(78, 'motor-drive', 4, 0x31),
(79, 'rivalry', 4, 0x31),
(80, 'steadfast', 4, 0x31),
(81, 'snow-cloak', 4, 0x31),
(82, 'gluttony', 4, 0x31),
(83, 'anger-point', 4, 0x31),
(84, 'unburden', 4, 0x31),
(85, 'heatproof', 4, 0x31),
(86, 'simple', 4, 0x31),
(87, 'dry-skin', 4, 0x31),
(88, 'download', 4, 0x31),
(89, 'iron-fist', 4, 0x31),
(90, 'poison-heal', 4, 0x31),
(91, 'adaptability', 4, 0x31),
(92, 'skill-link', 4, 0x31),
(93, 'hydration', 4, 0x31),
(94, 'solar-power', 4, 0x31),
(95, 'quick-feet', 4, 0x31),
(96, 'normalize', 4, 0x31),
(97, 'sniper', 4, 0x31),
(98, 'magic-guard', 4, 0x31),
(99, 'no-guard', 4, 0x31),
(100, 'stall', 4, 0x31),
(101, 'technician', 4, 0x31),
(102, 'leaf-guard', 4, 0x31),
(103, 'klutz', 4, 0x31),
(104, 'mold-breaker', 4, 0x31),
(105, 'super-luck', 4, 0x31),
(106, 'aftermath', 4, 0x31),
(107, 'anticipation', 4, 0x31),
(108, 'forewarn', 4, 0x31),
(109, 'unaware', 4, 0x31),
(110, 'tinted-lens', 4, 0x31),
(111, 'filter', 4, 0x31),
(112, 'slow-start', 4, 0x31),
(113, 'scrappy', 4, 0x31),
(114, 'storm-drain', 4, 0x31),
(115, 'ice-body', 4, 0x31),
(116, 'solid-rock', 4, 0x31),
(117, 'snow-warning', 4, 0x31),
(118, 'honey-gather', 4, 0x31),
(119, 'frisk', 4, 0x31),
(120, 'reckless', 4, 0x31),
(121, 'multitype', 4, 0x31),
(122, 'flower-gift', 4, 0x31),
(123, 'bad-dreams', 4, 0x31),
(124, 'pickpocket', 5, 0x31),
(125, 'sheer-force', 5, 0x31),
(126, 'contrary', 5, 0x31),
(127, 'unnerve', 5, 0x31),
(128, 'defiant', 5, 0x31),
(129, 'defeatist', 5, 0x31),
(130, 'cursed-body', 5, 0x31),
(131, 'healer', 5, 0x31),
(132, 'friend-guard', 5, 0x31),
(133, 'weak-armor', 5, 0x31),
(134, 'heavy-metal', 5, 0x31),
(135, 'light-metal', 5, 0x31),
(136, 'multiscale', 5, 0x31),
(137, 'toxic-boost', 5, 0x31),
(138, 'flare-boost', 5, 0x31),
(139, 'harvest', 5, 0x31),
(140, 'telepathy', 5, 0x31),
(141, 'moody', 5, 0x31),
(142, 'overcoat', 5, 0x31),
(143, 'poison-touch', 5, 0x31),
(144, 'regenerator', 5, 0x31),
(145, 'big-pecks', 5, 0x31),
(146, 'sand-rush', 5, 0x31),
(147, 'wonder-skin', 5, 0x31),
(148, 'analytic', 5, 0x31),
(149, 'illusion', 5, 0x31),
(150, 'imposter', 5, 0x31),
(151, 'infiltrator', 5, 0x31),
(152, 'mummy', 5, 0x31),
(153, 'moxie', 5, 0x31),
(154, 'justified', 5, 0x31),
(155, 'rattled', 5, 0x31),
(156, 'magic-bounce', 5, 0x31),
(157, 'sap-sipper', 5, 0x31),
(158, 'prankster', 5, 0x31),
(159, 'sand-force', 5, 0x31),
(160, 'iron-barbs', 5, 0x31),
(161, 'zen-mode', 5, 0x31),
(162, 'victory-star', 5, 0x31),
(163, 'turboblaze', 5, 0x31),
(164, 'teravolt', 5, 0x31),
(10001, 'mountaineer', 5, 0x30),
(10002, 'wave-rider', 5, 0x30),
(10003, 'skater', 5, 0x30),
(10004, 'thrust', 5, 0x30),
(10005, 'perception', 5, 0x30),
(10006, 'parry', 5, 0x30),
(10007, 'instinct', 5, 0x30),
(10008, 'dodge', 5, 0x30),
(10009, 'jagged-edge', 5, 0x30),
(10010, 'frostbite', 5, 0x30),
(10011, 'tenacity', 5, 0x30),
(10012, 'pride', 5, 0x30),
(10013, 'deep-sleep', 5, 0x30),
(10014, 'power-nap', 5, 0x30),
(10015, 'spirit', 5, 0x30),
(10016, 'warm-blanket', 5, 0x30),
(10017, 'gulp', 5, 0x30),
(10018, 'herbivore', 5, 0x30),
(10019, 'sandpit', 5, 0x30),
(10020, 'hot-blooded', 5, 0x30),
(10021, 'medic', 5, 0x30),
(10022, 'life-force', 5, 0x30),
(10023, 'lunchbox', 5, 0x30),
(10024, 'nurse', 5, 0x30),
(10025, 'melee', 5, 0x30),
(10026, 'sponge', 5, 0x30),
(10027, 'bodyguard', 5, 0x30),
(10028, 'hero', 5, 0x30),
(10029, 'last-bastion', 5, 0x30),
(10030, 'stealth', 5, 0x30),
(10031, 'vanguard', 5, 0x30),
(10032, 'nomad', 5, 0x30),
(10033, 'sequence', 5, 0x30),
(10034, 'grass-cloak', 5, 0x30),
(10035, 'celebrate', 5, 0x30),
(10036, 'lullaby', 5, 0x30),
(10037, 'calming', 5, 0x30),
(10038, 'daze', 5, 0x30),
(10039, 'frighten', 5, 0x30),
(10040, 'interference', 5, 0x30),
(10041, 'mood-maker', 5, 0x30),
(10042, 'confidence', 5, 0x30),
(10043, 'fortune', 5, 0x30),
(10044, 'bonanza', 5, 0x30),
(10045, 'explode', 5, 0x30),
(10046, 'omnipotent', 5, 0x30),
(10047, 'share', 5, 0x30),
(10048, 'black-hole', 5, 0x30),
(10049, 'shadow-dash', 5, 0x30),
(10050, 'sprint', 5, 0x30),
(10051, 'disgust', 5, 0x30),
(10052, 'high-rise', 5, 0x30),
(10053, 'climber', 5, 0x30),
(10054, 'flame-boost', 5, 0x30),
(10055, 'aqua-boost', 5, 0x30),
(10056, 'run-up', 5, 0x30),
(10057, 'conqueror', 5, 0x30),
(10058, 'shackle', 5, 0x30),
(10059, 'decoy', 5, 0x30),
(10060, 'shield', 5, 0x30);

-- --------------------------------------------------------

--
-- Estructura de tabla para la tabla `evolution_trigger`
--

CREATE TABLE `evolution_trigger` (
  `id` int(11) NOT NULL,
  `name_evolution_trigger` varchar(50) NOT NULL
) ENGINE=InnoDB DEFAULT CHARSET=utf8mb4 COLLATE=utf8mb4_general_ci;

--
-- Volcado de datos para la tabla `evolution_trigger`
--

INSERT INTO `evolution_trigger` (`id`, `name_evolution_trigger`) VALUES
(1, 'level-up'),
(2, 'trade'),
(3, 'use-item'),
(4, 'shed'),
(5, 'spin'),
(6, 'tower-of-darkness'),
(7, 'tower-of-waters'),
(8, 'three-critical-hits'),
(9, 'take-damage'),
(10, 'other'),
(11, 'agile-style-move'),
(12, 'strong-style-move'),
(13, 'recoil-damage');

-- --------------------------------------------------------

--
-- Estructura de tabla para la tabla `generation`
--

CREATE TABLE `generation` (
  `id` int(11) NOT NULL,
  `number_region` int(11) NOT NULL,
  `name_region` varchar(50) NOT NULL
) ENGINE=InnoDB DEFAULT CHARSET=utf8mb4 COLLATE=utf8mb4_general_ci;

--
-- Volcado de datos para la tabla `generation`
--

INSERT INTO `generation` (`id`, `number_region`, `name_region`) VALUES
(1, 1, 'generation-i'),
(2, 2, 'generation-ii'),
(3, 3, 'generation-iii'),
(4, 4, 'generation-iv'),
(5, 5, 'generation-v');

-- --------------------------------------------------------

--
-- Estructura de tabla para la tabla `item`
--

CREATE TABLE `item` (
  `id` int(11) NOT NULL,
  `name_item` varchar(50) NOT NULL,
  `cost` int(11) DEFAULT NULL
) ENGINE=InnoDB DEFAULT CHARSET=utf8mb4 COLLATE=utf8mb4_general_ci;

--
-- Volcado de datos para la tabla `item`
--

INSERT INTO `item` (`id`, `name_item`, `cost`) VALUES
(1, 'master-ball', 0),
(2, 'ultra-ball', 800),
(3, 'great-ball', 600),
(4, 'poke-ball', 200),
(5, 'safari-ball', 0),
(6, 'net-ball', 1000),
(7, 'dive-ball', 1000),
(8, 'nest-ball', 1000),
(9, 'repeat-ball', 1000),
(10, 'timer-ball', 1000),
(11, 'luxury-ball', 3000),
(12, 'premier-ball', 20),
(13, 'dusk-ball', 1000),
(14, 'heal-ball', 300),
(15, 'quick-ball', 1000),
(16, 'cherish-ball', 0),
(17, 'potion', 200),
(18, 'antidote', 200),
(19, 'burn-heal', 200),
(20, 'ice-heal', 200),
(21, 'awakening', 200),
(22, 'paralyze-heal', 200),
(23, 'full-restore', 3000),
(24, 'max-potion', 2500),
(25, 'hyper-potion', 1500),
(26, 'super-potion', 700),
(27, 'full-heal', 400),
(28, 'revive', 2000),
(29, 'max-revive', 4000),
(30, 'fresh-water', 200),
(31, 'soda-pop', 300),
(32, 'lemonade', 400),
(33, 'moomoo-milk', 600),
(34, 'energy-powder', 500),
(35, 'energy-root', 1200),
(36, 'heal-powder', 300),
(37, 'revival-herb', 2800),
(38, 'ether', 1200),
(39, 'max-ether', 2000),
(40, 'elixir', 3000),
(41, 'max-elixir', 4500),
(42, 'lava-cookie', 350),
(43, 'berry-juice', 200),
(44, 'sacred-ash', 50000),
(45, 'hp-up', 10000),
(46, 'protein', 10000),
(47, 'iron', 10000),
(48, 'carbos', 10000),
(49, 'calcium', 10000),
(50, 'rare-candy', 10000),
(51, 'pp-up', 10000),
(52, 'zinc', 10000),
(53, 'pp-max', 10000),
(54, 'old-gateau', 350),
(55, 'guard-spec', 1500),
(56, 'dire-hit', 1000),
(57, 'x-attack', 1000),
(58, 'x-defense', 2000),
(59, 'x-speed', 1000),
(60, 'x-accuracy', 1000),
(61, 'x-sp-atk', 1000),
(62, 'x-sp-def', 2000),
(63, 'poke-doll', 300),
(64, 'fluffy-tail', 100),
(65, 'blue-flute', 20),
(66, 'yellow-flute', 20),
(67, 'red-flute', 20),
(68, 'black-flute', 20),
(69, 'white-flute', 20),
(70, 'shoal-salt', 20),
(71, 'shoal-shell', 20),
(72, 'red-shard', 1000),
(73, 'blue-shard', 1000),
(74, 'yellow-shard', 1000),
(75, 'green-shard', 1000),
(76, 'super-repel', 700),
(77, 'max-repel', 900),
(78, 'escape-rope', 300),
(79, 'repel', 400),
(80, 'sun-stone', 3000),
(81, 'moon-stone', 3000),
(82, 'fire-stone', 3000),
(83, 'thunder-stone', 3000),
(84, 'water-stone', 3000),
(85, 'leaf-stone', 3000),
(86, 'tiny-mushroom', 500),
(87, 'big-mushroom', 5000),
(88, 'pearl', 2000),
(89, 'big-pearl', 8000),
(90, 'stardust', 3000),
(91, 'star-piece', 12000),
(92, 'nugget', 10000),
(93, 'heart-scale', 100),
(94, 'honey', 900),
(95, 'growth-mulch', 200),
(96, 'damp-mulch', 200),
(97, 'stable-mulch', 200),
(98, 'gooey-mulch', 200),
(99, 'root-fossil', 7000),
(100, 'claw-fossil', 7000),
(101, 'helix-fossil', 7000),
(102, 'dome-fossil', 7000),
(103, 'old-amber', 10000),
(104, 'armor-fossil', 7000),
(105, 'skull-fossil', 7000),
(106, 'rare-bone', 5000),
(107, 'shiny-stone', 3000),
(108, 'dusk-stone', 3000),
(109, 'dawn-stone', 3000),
(110, 'oval-stone', 2000),
(111, 'odd-keystone', 2100),
(112, 'adamant-orb', 0),
(113, 'lustrous-orb', 0),
(114, 'grass-mail', 50),
(115, 'flame-mail', 50),
(116, 'bubble-mail', 50),
(117, 'bloom-mail', 50),
(118, 'tunnel-mail', 50),
(119, 'steel-mail', 50),
(120, 'heart-mail', 50),
(121, 'snow-mail', 50),
(122, 'space-mail', 50),
(123, 'air-mail', 50),
(124, 'mosaic-mail', 50),
(125, 'brick-mail', 50),
(126, 'cheri-berry', 80),
(127, 'chesto-berry', 80),
(128, 'pecha-berry', 80),
(129, 'rawst-berry', 80),
(130, 'aspear-berry', 80),
(131, 'leppa-berry', 80),
(132, 'oran-berry', 80),
(133, 'persim-berry', 80),
(134, 'lum-berry', 80),
(135, 'sitrus-berry', 80),
(136, 'figy-berry', 80),
(137, 'wiki-berry', 80),
(138, 'mago-berry', 80),
(139, 'aguav-berry', 80),
(140, 'iapapa-berry', 80),
(141, 'razz-berry', 200),
(142, 'bluk-berry', 20),
(143, 'nanab-berry', 200),
(144, 'wepear-berry', 20),
(145, 'pinap-berry', 200),
(146, 'pomeg-berry', 80),
(147, 'kelpsy-berry', 80),
(148, 'qualot-berry', 80),
(149, 'hondew-berry', 80),
(150, 'grepa-berry', 80),
(151, 'tamato-berry', 80),
(152, 'cornn-berry', 20),
(153, 'magost-berry', 20),
(154, 'rabuta-berry', 20),
(155, 'nomel-berry', 20),
(156, 'spelon-berry', 20),
(157, 'pamtre-berry', 20),
(158, 'watmel-berry', 20),
(159, 'durin-berry', 20),
(160, 'belue-berry', 20),
(161, 'occa-berry', 80),
(162, 'passho-berry', 80),
(163, 'wacan-berry', 80),
(164, 'rindo-berry', 80),
(165, 'yache-berry', 80),
(166, 'chople-berry', 80),
(167, 'kebia-berry', 80),
(168, 'shuca-berry', 80),
(169, 'coba-berry', 80),
(170, 'payapa-berry', 80),
(171, 'tanga-berry', 80),
(172, 'charti-berry', 80),
(173, 'kasib-berry', 80),
(174, 'haban-berry', 80),
(175, 'colbur-berry', 80),
(176, 'babiri-berry', 80),
(177, 'chilan-berry', 80),
(178, 'liechi-berry', 80),
(179, 'ganlon-berry', 80),
(180, 'salac-berry', 80),
(181, 'petaya-berry', 80),
(182, 'apicot-berry', 80),
(183, 'lansat-berry', 80),
(184, 'starf-berry', 80),
(185, 'enigma-berry', 80),
(186, 'micle-berry', 80),
(187, 'custap-berry', 80),
(188, 'jaboca-berry', 80),
(189, 'rowap-berry', 80),
(190, 'bright-powder', 4000),
(191, 'white-herb', 4000),
(192, 'macho-brace', 3000),
(193, 'exp-share', 0),
(194, 'quick-claw', 4000),
(195, 'soothe-bell', 4000),
(196, 'mental-herb', 4000),
(197, 'choice-band', 4000),
(198, 'kings-rock', 5000),
(199, 'silver-powder', 1000),
(200, 'amulet-coin', 10000),
(201, 'cleanse-tag', 5000),
(202, 'soul-dew', 0),
(203, 'deep-sea-tooth', 2000),
(204, 'deep-sea-scale', 2000),
(205, 'smoke-ball', 4000),
(206, 'everstone', 3000),
(207, 'focus-band', 4000),
(208, 'lucky-egg', 10000),
(209, 'scope-lens', 4000),
(210, 'metal-coat', 2000),
(211, 'leftovers', 4000),
(212, 'dragon-scale', 2000),
(213, 'light-ball', 1000),
(214, 'soft-sand', 1000),
(215, 'hard-stone', 1000),
(216, 'miracle-seed', 1000),
(217, 'black-glasses', 1000),
(218, 'black-belt', 1000),
(219, 'magnet', 1000),
(220, 'mystic-water', 1000),
(221, 'sharp-beak', 1000),
(222, 'poison-barb', 1000),
(223, 'never-melt-ice', 1000),
(224, 'spell-tag', 1000),
(225, 'twisted-spoon', 1000),
(226, 'charcoal', 1000),
(227, 'dragon-fang', 1000),
(228, 'silk-scarf', 1000),
(229, 'up-grade', 2000),
(230, 'shell-bell', 4000),
(231, 'sea-incense', 2000),
(232, 'lax-incense', 5000),
(233, 'lucky-punch', 1000),
(234, 'metal-powder', 1000),
(235, 'thick-club', 1000),
(236, 'stick', 1000),
(237, 'red-scarf', 100),
(238, 'blue-scarf', 100),
(239, 'pink-scarf', 100),
(240, 'green-scarf', 100),
(241, 'yellow-scarf', 100),
(242, 'wide-lens', 4000),
(243, 'muscle-band', 4000),
(244, 'wise-glasses', 4000),
(245, 'expert-belt', 4000),
(246, 'light-clay', 4000),
(247, 'life-orb', 4000),
(248, 'power-herb', 4000),
(249, 'toxic-orb', 4000),
(250, 'flame-orb', 4000),
(251, 'quick-powder', 1000),
(252, 'focus-sash', 4000),
(253, 'zoom-lens', 4000),
(254, 'metronome', 4000),
(255, 'iron-ball', 4000),
(256, 'lagging-tail', 4000),
(257, 'destiny-knot', 4000),
(258, 'black-sludge', 4000),
(259, 'icy-rock', 4000),
(260, 'smooth-rock', 4000),
(261, 'heat-rock', 4000),
(262, 'damp-rock', 4000),
(263, 'grip-claw', 4000),
(264, 'choice-scarf', 4000),
(265, 'sticky-barb', 4000),
(266, 'power-bracer', 3000),
(267, 'power-belt', 3000),
(268, 'power-lens', 3000),
(269, 'power-band', 3000),
(270, 'power-anklet', 3000),
(271, 'power-weight', 3000),
(272, 'shed-shell', 4000),
(273, 'big-root', 4000),
(274, 'choice-specs', 4000),
(275, 'flame-plate', 1000),
(276, 'splash-plate', 1000),
(277, 'zap-plate', 1000),
(278, 'meadow-plate', 1000),
(279, 'icicle-plate', 1000),
(280, 'fist-plate', 1000),
(281, 'toxic-plate', 1000),
(282, 'earth-plate', 1000),
(283, 'sky-plate', 1000),
(284, 'mind-plate', 1000),
(285, 'insect-plate', 1000),
(286, 'stone-plate', 1000),
(287, 'spooky-plate', 1000),
(288, 'draco-plate', 1000),
(289, 'dread-plate', 1000),
(290, 'iron-plate', 1000),
(291, 'odd-incense', 2000),
(292, 'rock-incense', 2000),
(293, 'full-incense', 5000),
(294, 'wave-incense', 2000),
(295, 'rose-incense', 2000),
(296, 'luck-incense', 11000),
(297, 'pure-incense', 6000),
(298, 'protector', 2000),
(299, 'electirizer', 2000),
(300, 'magmarizer', 2000),
(301, 'dubious-disc', 2000),
(302, 'reaper-cloth', 2000),
(303, 'razor-claw', 5000),
(304, 'razor-fang', 5000),
(305, 'tm01', 40000),
(306, 'tm02', 1000),
(307, 'tm03', 50000),
(308, 'tm04', 50000),
(309, 'tm05', 50000),
(310, 'tm06', 1000),
(311, 'tm07', 1000),
(312, 'tm08', 50000),
(313, 'tm09', 50000),
(314, 'tm10', 1000),
(315, 'tm11', 1000),
(316, 'tm12', 50000),
(317, 'tm13', 10000),
(318, 'tm14', 1000),
(319, 'tm15', 1000),
(320, 'tm16', 1000),
(321, 'tm17', 10000),
(322, 'tm18', 10000),
(323, 'tm19', 10000),
(324, 'tm20', 100000),
(325, 'tm21', 1000),
(326, 'tm22', 1000),
(327, 'tm23', 10000),
(328, 'tm24', 1000),
(329, 'tm25', 10000),
(330, 'tm26', 1000),
(331, 'tm27', 1000),
(332, 'tm28', 100000),
(333, 'tm29', 1000),
(334, 'tm30', 1000),
(335, 'tm31', 1000),
(336, 'tm32', 10000),
(337, 'tm33', 10000),
(338, 'tm34', 10000),
(339, 'tm35', 10000),
(340, 'tm36', 1000),
(341, 'tm37', 1000),
(342, 'tm38', 1000),
(343, 'tm39', 1000),
(344, 'tm40', 1000),
(345, 'tm41', 10000),
(346, 'tm42', 1000),
(347, 'tm43', 1000),
(348, 'tm44', 100000),
(349, 'tm45', 1000),
(350, 'tm46', 30000),
(351, 'tm47', 1000),
(352, 'tm48', 1000),
(353, 'tm49', 1000),
(354, 'tm50', 10000),
(355, 'tm51', 1000),
(356, 'tm52', 100000),
(357, 'tm53', 1000),
(358, 'tm54', 1000),
(359, 'tm55', 10000),
(360, 'tm56', 1000),
(361, 'tm57', 1000),
(362, 'tm58', 1000),
(363, 'tm59', 100000),
(364, 'tm60', 30000),
(365, 'tm61', 30000),
(366, 'tm62', 30000),
(367, 'tm63', 50000),
(368, 'tm64', 1000),
(369, 'tm65', 1000),
(370, 'tm66', 30000),
(371, 'tm67', 30000),
(372, 'tm68', 30000),
(373, 'tm69', 1000),
(374, 'tm70', 50000),
(375, 'tm71', 50000),
(376, 'tm72', 50000),
(377, 'tm73', 1000),
(378, 'tm74', 1000),
(379, 'tm75', 1000),
(380, 'tm76', 10000),
(381, 'tm77', 1000),
(382, 'tm78', 1000),
(383, 'tm79', 1000),
(384, 'tm80', 1000),
(385, 'tm81', 1000),
(386, 'tm82', 1000),
(387, 'tm83', 100000),
(388, 'tm84', 1000),
(389, 'tm85', 1000),
(390, 'tm86', 1000),
(391, 'tm87', 1000),
(392, 'tm88', 20000),
(393, 'tm89', 20000),
(394, 'tm90', 20000),
(395, 'tm91', 20000),
(396, 'tm92', 100000),
(397, 'hm01', 0),
(398, 'hm02', 0),
(399, 'hm03', 0),
(400, 'hm04', 0),
(401, 'hm05', 0),
(402, 'hm06', 0),
(403, 'hm07', 0),
(404, 'hm08', 0),
(405, 'explorer-kit', 0),
(406, 'loot-sack', 0),
(407, 'rule-book', 0),
(408, 'poke-radar', 0),
(409, 'point-card', 0),
(410, 'journal', 0),
(411, 'seal-case', 0),
(412, 'fashion-case', 0),
(413, 'seal-bag', 0),
(414, 'pal-pad', 0),
(415, 'works-key', 0),
(416, 'old-charm', 0),
(417, 'galactic-key', 0),
(418, 'red-chain', 0),
(419, 'town-map', 0),
(420, 'vs-seeker', 0),
(421, 'coin-case', 0),
(422, 'old-rod', 0),
(423, 'good-rod', 0),
(424, 'super-rod', 0),
(425, 'sprayduck', 0),
(426, 'poffin-case', 0),
(427, 'bicycle', 0),
(428, 'suite-key', 0),
(429, 'oaks-letter', 0),
(430, 'lunar-wing', 0),
(431, 'member-card', 0),
(432, 'azure-flute', 0),
(433, 'ss-ticket', 0),
(434, 'contest-pass', 0),
(435, 'magma-stone', 0),
(436, 'parcel', 0),
(437, 'coupon-1', 0),
(438, 'coupon-2', 0),
(439, 'coupon-3', 0),
(440, 'storage-key', 0),
(441, 'secret-potion', 0),
(442, 'griseous-orb', 0),
(443, 'vs-recorder', 0),
(444, 'gracidea', 0),
(445, 'secret-key', 0),
(446, 'apricorn-box', 0),
(447, 'berry-pots', 0),
(448, 'squirt-bottle', 0),
(449, 'lure-ball', 0),
(450, 'level-ball', 0),
(451, 'moon-ball', 0),
(452, 'heavy-ball', 0),
(453, 'fast-ball', 0),
(454, 'friend-ball', 0),
(455, 'love-ball', 0),
(456, 'park-ball', 0),
(457, 'sport-ball', 300),
(458, 'red-apricorn', 200),
(459, 'blue-apricorn', 200),
(460, 'yellow-apricorn', 200),
(461, 'green-apricorn', 200),
(462, 'pink-apricorn', 200),
(463, 'white-apricorn', 200),
(464, 'black-apricorn', 200),
(465, 'dowsing-machine', 0),
(466, 'rage-candy-bar', 350),
(467, 'red-orb', 0),
(468, 'blue-orb', 0),
(469, 'jade-orb', 0),
(470, 'enigma-stone', 0),
(471, 'unown-report', 0),
(472, 'blue-card', 0),
(473, 'slowpoke-tail', 0),
(474, 'clear-bell', 0),
(475, 'card-key', 0),
(476, 'basement-key', 0),
(477, 'red-scale', 0),
(478, 'lost-item', 0),
(479, 'pass', 0),
(480, 'machine-part', 0),
(481, 'silver-wing', 0),
(482, 'rainbow-wing', 0),
(483, 'mystery-egg', 0),
(484, 'gb-sounds', 0),
(485, 'tidal-bell', 0),
(486, 'data-card-01', 0),
(487, 'data-card-02', 0),
(488, 'data-card-03', 0),
(489, 'data-card-04', 0),
(490, 'data-card-05', 0),
(491, 'data-card-06', 0),
(492, 'data-card-07', 0),
(493, 'data-card-08', 0),
(494, 'data-card-09', 0),
(495, 'data-card-10', 0),
(496, 'data-card-11', 0),
(497, 'data-card-12', 0),
(498, 'data-card-13', 0),
(499, 'data-card-14', 0),
(500, 'data-card-15', 0),
(501, 'data-card-16', 0),
(502, 'data-card-17', 0),
(503, 'data-card-18', 0),
(504, 'data-card-19', 0),
(505, 'data-card-20', 0),
(506, 'data-card-21', 0),
(507, 'data-card-22', 0),
(508, 'data-card-23', 0),
(509, 'data-card-24', 0),
(510, 'data-card-25', 0),
(511, 'data-card-26', 0),
(512, 'data-card-27', 0),
(513, 'lock-capsule', 0),
(514, 'photo-album', 0),
(515, 'orange-mail', 50),
(516, 'harbor-mail', 50),
(517, 'glitter-mail', 50),
(518, 'mech-mail', 50),
(519, 'wood-mail', 50),
(520, 'wave-mail', 50),
(521, 'bead-mail', 50),
(522, 'shadow-mail', 50),
(523, 'tropic-mail', 50),
(524, 'dream-mail', 50),
(525, 'fab-mail', 50),
(526, 'retro-mail', 0),
(527, 'mach-bike', 0),
(528, 'acro-bike', 0),
(529, 'wailmer-pail', 0),
(530, 'devon-goods', 0),
(531, 'soot-sack', 0),
(532, 'pokeblock-case', 0),
(533, 'letter', 0),
(534, 'eon-ticket', 0),
(535, 'scanner', 0),
(536, 'go-goggles', 0),
(537, 'meteorite', 0),
(538, 'rm-1-key', 0),
(539, 'rm-2-key', 0),
(540, 'rm-4-key', 0),
(541, 'rm-6-key', 0),
(542, 'devon-scope', 0),
(543, 'oaks-parcel', 0),
(544, 'poke-flute', 0),
(545, 'bike-voucher', 0),
(546, 'gold-teeth', 0),
(547, 'lift-key', 0),
(548, 'silph-scope', 0),
(549, 'fame-checker', 0),
(550, 'tm-case', 0),
(551, 'berry-pouch', 0),
(552, 'teachy-tv', 0),
(553, 'tri-pass', 0),
(554, 'rainbow-pass', 0),
(555, 'tea', 0),
(556, 'mysticticket', 0),
(557, 'auroraticket', 0),
(558, 'powder-jar', 0),
(559, 'ruby', 0),
(560, 'sapphire', 0),
(561, 'magma-emblem', 0),
(562, 'old-sea-map', 0),
(563, 'douse-drive', 0),
(564, 'shock-drive', 0),
(565, 'burn-drive', 0),
(566, 'chill-drive', 0),
(567, 'sweet-heart', 3000),
(568, 'greet-mail', 50),
(569, 'favored-mail', 50),
(570, 'rsvp-mail', 50),
(571, 'thanks-mail', 50),
(572, 'inquiry-mail', 50),
(573, 'like-mail', 50),
(574, 'reply-mail', 50),
(575, 'bridge-mail-s', 50),
(576, 'bridge-mail-d', 50),
(577, 'bridge-mail-t', 50),
(578, 'bridge-mail-v', 50),
(579, 'bridge-mail-m', 50),
(580, 'prism-scale', 2000),
(581, 'eviolite', 4000),
(582, 'float-stone', 4000),
(583, 'rocky-helmet', 4000),
(584, 'air-balloon', 4000),
(585, 'red-card', 4000),
(586, 'ring-target', 4000),
(587, 'binding-band', 4000),
(588, 'absorb-bulb', 4000),
(589, 'cell-battery', 4000),
(590, 'eject-button', 4000),
(591, 'fire-gem', 200),
(592, 'water-gem', 200),
(593, 'electric-gem', 200),
(594, 'grass-gem', 200),
(595, 'ice-gem', 200),
(596, 'fighting-gem', 200),
(597, 'poison-gem', 200),
(598, 'ground-gem', 200),
(599, 'flying-gem', 200),
(600, 'psychic-gem', 200),
(601, 'bug-gem', 200),
(602, 'rock-gem', 200),
(603, 'ghost-gem', 200),
(604, 'dark-gem', 200),
(605, 'steel-gem', 200),
(606, 'health-wing', 300),
(607, 'muscle-wing', 300),
(608, 'resist-wing', 300),
(609, 'genius-wing', 300),
(610, 'clever-wing', 300),
(611, 'swift-wing', 300),
(612, 'pretty-wing', 1000),
(613, 'cover-fossil', 7000),
(614, 'plume-fossil', 7000),
(615, 'liberty-pass', 0),
(616, 'pass-orb', 200),
(617, 'dream-ball', 0),
(618, 'poke-toy', 100),
(619, 'prop-case', 0),
(620, 'dragon-skull', 0),
(621, 'balm-mushroom', 15000),
(622, 'big-nugget', 40000),
(623, 'pearl-string', 20000),
(624, 'comet-shard', 25000),
(625, 'relic-copper', 0),
(626, 'relic-silver', 0),
(627, 'relic-gold', 60000),
(628, 'relic-vase', 0),
(629, 'relic-band', 0),
(630, 'relic-statue', 0),
(631, 'relic-crown', 0),
(632, 'casteliacone', 350),
(633, 'dire-hit-2', 0),
(634, 'x-speed-2', 0),
(635, 'x-sp-atk-2', 0),
(636, 'x-sp-def-2', 0),
(637, 'x-defense-2', 0),
(638, 'x-attack-2', 0),
(639, 'x-accuracy-2', 0),
(640, 'x-speed-3', 0),
(641, 'x-sp-atk-3', 0),
(642, 'x-sp-def-3', 0),
(643, 'x-defense-3', 0),
(644, 'x-attack-3', 0),
(645, 'x-accuracy-3', 0),
(646, 'x-speed-6', 0),
(647, 'x-sp-atk-6', 0),
(648, 'x-sp-def-6', 0),
(649, 'x-defense-6', 0),
(650, 'x-attack-6', 0),
(651, 'x-accuracy-6', 0),
(652, 'ability-urge', 0),
(653, 'item-drop', 0),
(654, 'item-urge', 0),
(655, 'reset-urge', 0),
(656, 'dire-hit-3', 0),
(657, 'light-stone', 0),
(658, 'dark-stone', 0),
(659, 'tm93', 1000),
(660, 'tm94', 10000),
(661, 'tm95', 1000),
(662, 'xtransceiver', 0),
(663, 'god-stone', 0),
(664, 'gram-1', 0),
(665, 'gram-2', 0),
(666, 'gram-3', 0),
(668, 'dragon-gem', 200),
(669, 'normal-gem', 4000),
(670, 'medal-box', 0),
(671, 'dna-splicers', 0),
(673, 'permit', 0),
(674, 'oval-charm', 0),
(675, 'shiny-charm', 0),
(676, 'plasma-card', 0),
(677, 'grubby-hanky', 0),
(678, 'colress-machine', 0),
(679, 'dropped-item', 0),
(681, 'reveal-glass', 0),
(682, 'weakness-policy', 1000),
(683, 'assault-vest', 1000),
(684, 'pixie-plate', 1000),
(685, 'ability-capsule', 10000),
(686, 'whipped-dream', 2000),
(687, 'sachet', 2000),
(688, 'luminous-moss', 4000),
(689, 'snowball', 4000),
(690, 'safety-goggles', 4000),
(691, 'rich-mulch', 200),
(692, 'surprise-mulch', 200),
(693, 'boost-mulch', 200),
(694, 'amaze-mulch', 200),
(695, 'gengarite', 0),
(696, 'gardevoirite', 0),
(697, 'ampharosite', 0),
(698, 'venusaurite', 0),
(699, 'charizardite-x', 0),
(700, 'blastoisinite', 0),
(701, 'mewtwonite-x', 0),
(702, 'mewtwonite-y', 0),
(703, 'blazikenite', 0),
(704, 'medichamite', 0),
(705, 'houndoominite', 0),
(706, 'aggronite', 0),
(707, 'banettite', 0),
(708, 'tyranitarite', 0),
(709, 'scizorite', 0),
(710, 'pinsirite', 0),
(711, 'aerodactylite', 0),
(712, 'lucarionite', 0),
(713, 'abomasite', 0),
(714, 'kangaskhanite', 0),
(715, 'gyaradosite', 0),
(716, 'absolite', 0),
(717, 'charizardite-y', 0),
(718, 'alakazite', 0),
(719, 'heracronite', 0),
(720, 'mawilite', 0),
(721, 'manectite', 0),
(722, 'garchompite', 0),
(723, 'roseli-berry', 80),
(724, 'kee-berry', 80),
(725, 'maranga-berry', 80),
(726, 'discount-coupon', 20),
(727, 'strange-souvenir', 3000),
(728, 'lumiose-galette', 350),
(729, 'jaw-fossil', 7000),
(730, 'sail-fossil', 7000),
(731, 'fairy-gem', 200),
(732, 'adventure-rules', 0),
(733, 'elevator-key', 0),
(734, 'holo-caster', 0),
(735, 'honor-of-kalos', 0),
(736, 'intriguing-stone', 0),
(737, 'lens-case', 0),
(738, 'looker-ticket', 0),
(739, 'mega-ring', 0),
(740, 'power-plant-pass', 0),
(741, 'profs-letter', 0),
(742, 'roller-skates', 0),
(743, 'sprinklotad', 0),
(744, 'tmv-pass', 0),
(745, 'tm96', 1000),
(746, 'tm97', 1000),
(747, 'tm98', 1000),
(748, 'tm99', 1000),
(749, 'tm100', 5000),
(760, 'latiasite', 0),
(761, 'latiosite', 0),
(762, 'common-stone', 0),
(763, 'makeup-bag', 0),
(764, 'travel-trunk', 0),
(765, 'shalour-sable', 350),
(768, 'mega-charm', 0),
(769, 'mega-glove', 0),
(770, 'devon-parts', 0),
(772, 'pokeblock-kit', 0),
(773, 'key-to-room-1', 0),
(774, 'key-to-room-2', 0),
(775, 'key-to-room-4', 0),
(776, 'key-to-room-6', 0),
(779, 'devon-scuba-gear', 0),
(780, 'contest-costume--jacket', 0),
(782, 'magma-suit', 0),
(783, 'aqua-suit', 0),
(784, 'pair-of-tickets', 0),
(785, 'mega-bracelet', 0),
(786, 'mega-pendant', 0),
(787, 'mega-glasses', 0),
(788, 'mega-anchor', 0),
(789, 'mega-stickpin', 0),
(790, 'mega-tiara', 0),
(791, 'mega-anklet', 0),
(793, 'swampertite', 0),
(794, 'sceptilite', 0),
(795, 'sablenite', 0),
(796, 'altarianite', 0),
(797, 'galladite', 0),
(798, 'audinite', 0),
(799, 'metagrossite', 0),
(800, 'sharpedonite', 0),
(801, 'slowbronite', 0),
(802, 'steelixite', 0),
(803, 'pidgeotite', 0),
(804, 'glalitite', 0),
(805, 'diancite', 0),
(806, 'prison-bottle', 0),
(807, 'mega-cuff', 0),
(808, 'cameruptite', 0),
(809, 'lopunnite', 0),
(810, 'salamencite', 0),
(811, 'beedrillite', 0),
(814, 'key-stone', 0),
(815, 'meteorite-shard', 0),
(816, 'eon-flute', 0),
(817, 'normalium-z--held', 0),
(818, 'firium-z--held', 0),
(819, 'waterium-z--held', 0),
(820, 'electrium-z--held', 0),
(821, 'grassium-z--held', 0),
(822, 'icium-z--held', 0),
(823, 'fightinium-z--held', 0),
(824, 'poisonium-z--held', 0),
(825, 'groundium-z--held', 0),
(826, 'flyinium-z--held', 0),
(827, 'psychium-z--held', 0),
(828, 'buginium-z--held', 0),
(829, 'rockium-z--held', 0),
(830, 'ghostium-z--held', 0),
(831, 'dragonium-z--held', 0),
(832, 'darkinium-z--held', 0),
(833, 'steelium-z--held', 0),
(834, 'fairium-z--held', 0),
(835, 'pikanium-z--held', 0),
(836, 'bottle-cap', 5000),
(837, 'gold-bottle-cap', 10000),
(838, 'z-ring', 0),
(839, 'decidium-z--held', 0),
(840, 'incinium-z--held', 0),
(841, 'primarium-z--held', 0),
(842, 'tapunium-z--held', 0),
(843, 'marshadium-z--held', 0),
(844, 'aloraichium-z--held', 0),
(845, 'snorlium-z--held', 0),
(846, 'eevium-z--held', 0),
(847, 'mewnium-z--held', 0),
(877, 'pikashunium-z--held', 0),
(878, 'forage-bag', 0),
(879, 'fishing-rod', 0),
(880, 'professors-mask', 0),
(881, 'festival-ticket', 10),
(882, 'sparkling-stone', 0),
(883, 'adrenaline-orb', 4000),
(884, 'zygarde-cube', 0),
(885, 'ice-stone', 3000),
(886, 'ride-pager', 0),
(887, 'beast-ball', 0),
(888, 'big-malasada', 350),
(889, 'red-nectar', 300),
(890, 'yellow-nectar', 300),
(891, 'pink-nectar', 300),
(892, 'purple-nectar', 300),
(893, 'sun-flute', 0),
(894, 'moon-flute', 0),
(895, 'enigmatic-card', 0),
(896, 'terrain-extender', 4000),
(897, 'protective-pads', 4000),
(898, 'electric-seed', 4000),
(899, 'psychic-seed', 4000),
(900, 'misty-seed', 4000),
(901, 'grassy-seed', 4000),
(902, 'fighting-memory', 1000),
(903, 'flying-memory', 1000),
(904, 'poison-memory', 1000),
(905, 'ground-memory', 1000),
(906, 'rock-memory', 1000),
(907, 'bug-memory', 1000),
(908, 'ghost-memory', 1000),
(909, 'steel-memory', 1000),
(910, 'fire-memory', 1000),
(911, 'water-memory', 1000),
(912, 'grass-memory', 1000),
(913, 'electric-memory', 1000),
(914, 'psychic-memory', 1000),
(915, 'ice-memory', 1000),
(916, 'dragon-memory', 1000),
(917, 'dark-memory', 1000),
(918, 'fairy-memory', 1000),
(919, 'bike--green', 0),
(920, 'storage-key--galactic-warehouse', 0),
(921, 'basement-key--goldenrod', 0),
(922, 'xtransceiver--red', 0),
(923, 'xtransceiver--yellow', 0),
(924, 'dna-splicers--merge', 0),
(925, 'dna-splicers--split', 0),
(926, 'dropped-item--red', 0),
(927, 'dropped-item--yellow', 0),
(928, 'holo-caster--green', 0),
(929, 'bike--yellow', 0),
(930, 'holo-caster--red', 0),
(931, 'basement-key--new-mauville', 0),
(932, 'storage-key--sea-mauville', 0),
(933, 'ss-ticket--hoenn', 0),
(934, 'contest-costume--dress', 0),
(935, 'meteorite--2', 0),
(936, 'meteorite--3', 0),
(937, 'meteorite--4', 0),
(938, 'normalium-z--bag', 0),
(939, 'firium-z--bag', 0),
(940, 'waterium-z--bag', 0),
(941, 'electrium-z--bag', 0),
(942, 'grassium-z--bag', 0),
(943, 'icium-z--bag', 0),
(944, 'fightinium-z--bag', 0),
(945, 'poisonium-z--bag', 0),
(946, 'groundium-z--bag', 0),
(947, 'flyinium-z--bag', 0),
(948, 'psychium-z--bag', 0),
(949, 'buginium-z--bag', 0),
(950, 'rockium-z--bag', 0),
(951, 'ghostium-z--bag', 0),
(952, 'dragonium-z--bag', 0),
(953, 'darkinium-z--bag', 0),
(954, 'steelium-z--bag', 0),
(955, 'fairium-z--bag', 0),
(956, 'pikanium-z--bag', 0),
(957, 'decidium-z--bag', 0),
(958, 'incinium-z--bag', 0),
(959, 'primarium-z--bag', 0),
(960, 'tapunium-z--bag', 0),
(961, 'marshadium-z--bag', 0),
(962, 'aloraichium-z--bag', 0),
(963, 'snorlium-z--bag', 0),
(964, 'eevium-z--bag', 0),
(965, 'mewnium-z--bag', 0),
(966, 'pikashunium-z--bag', 0),
(967, 'solganium-z--held', 0),
(968, 'lunalium-z--held', 0),
(969, 'ultranecrozium-z--held', 0),
(970, 'mimikium-z--held', 0),
(971, 'lycanium-z--held', 0),
(972, 'kommonium-z--held', 0),
(973, 'solganium-z--bag', 0),
(974, 'lunalium-z--bag', 0),
(975, 'ultranecrozium-z--bag', 0),
(976, 'mimikium-z--bag', 0),
(977, 'lycanium-z--bag', 0),
(978, 'kommonium-z--bag', 0),
(979, 'z-power-ring', 0),
(980, 'pink-petal', 0),
(981, 'orange-petal', 0),
(982, 'blue-petal', 0),
(983, 'red-petal', 0),
(984, 'green-petal', 0),
(985, 'yellow-petal', 0),
(986, 'purple-petal', 0),
(987, 'rainbow-flower', 0),
(988, 'surge-badge', 0),
(989, 'n-solarizer--merge', 0),
(990, 'n-lunarizer--merge', 0),
(991, 'n-solarizer--split', 0),
(992, 'n-lunarizer--split', 0),
(993, 'ilimas-normalium-z', 0),
(994, 'left-poke-ball', 0),
(995, 'roto-hatch', 0),
(996, 'roto-bargain', 0),
(997, 'roto-prize-money', 0),
(998, 'roto-exp-points', 0),
(999, 'roto-friendship', 0),
(1000, 'roto-encounter', 0),
(1001, 'roto-stealth', 0),
(1002, 'roto-hp-restore', 0),
(1003, 'roto-pp-restore', 0),
(1004, 'roto-boost', 0),
(1005, 'roto-catch', 0),
(1006, 'autograph', 0),
(1007, 'pokemon-box', 0),
(1008, 'medicine-pocket', 0),
(1009, 'candy-jar', 0),
(1010, 'power-up-pocket', 0),
(1011, 'clothing-trunk', 0),
(1012, 'catching-pocket', 0),
(1013, 'battle-pocket', 0),
(1014, 'silver-razz-berry', 1000),
(1015, 'golden-razz-berry', 5000),
(1016, 'silver-nanab-berry', 1000),
(1017, 'golden-nanab-berry', 5000),
(1018, 'silver-pinap-berry', 1000),
(1019, 'golden-pinap-berry', 5000),
(1020, 'secret-key--letsgo', 0),
(1021, 'ss-ticket--letsgo', 0),
(1022, 'parcel--letsgo', 0),
(1023, 'card-key--letsgo', 0),
(1024, 'stretchy-spring', 20),
(1025, 'chalky-stone', 60),
(1026, 'marble', 300),
(1027, 'lone-earring', 600),
(1028, 'beach-glass', 800),
(1029, 'gold-leaf', 1000),
(1030, 'silver-leaf', 1000),
(1031, 'polished-mud-ball', 1200),
(1032, 'tropical-shell', 2000),
(1033, 'leaf-letter--pikachu', 0),
(1034, 'leaf-letter--eevee', 0),
(1035, 'small-bouquet', 0),
(1036, 'lure', 400),
(1037, 'super-lure', 700),
(1038, 'max-lure', 900),
(1039, 'pewter-crunchies', 250),
(1040, 'health-candy', 20),
(1041, 'mighty-candy', 20),
(1042, 'tough-candy', 20),
(1043, 'smart-candy', 20),
(1044, 'courage-candy', 20),
(1045, 'quick-candy', 20),
(1046, 'health-candy-l', 20),
(1047, 'mighty-candy-l', 20),
(1048, 'tough-candy-l', 20),
(1049, 'smart-candy-l', 20),
(1050, 'courage-candy-l', 20),
(1051, 'quick-candy-l', 20),
(1052, 'health-candy-xl', 20),
(1053, 'mighty-candy-xl', 20),
(1054, 'tough-candy-xl', 20),
(1055, 'smart-candy-xl', 20),
(1056, 'courage-candy-xl', 20),
(1057, 'quick-candy-xl', 20),
(1058, 'bulbasaur-candy', 20),
(1059, 'charmander-candy', 20),
(1060, 'squirtle-candy', 20),
(1061, 'caterpie-candy', 20),
(1062, 'weedle-candy', 20),
(1063, 'pidgey-candy', 20),
(1064, 'rattata-candy', 20),
(1065, 'spearow-candy', 20),
(1066, 'ekans-candy', 20),
(1067, 'pikachu-candy', 20),
(1068, 'sandshrew-candy', 20),
(1069, 'nidoran-f-candy', 20),
(1070, 'nidoran-m-candy', 20),
(1071, 'clefairy-candy', 20),
(1072, 'vulpix-candy', 20),
(1073, 'jigglypuff-candy', 20),
(1074, 'zubat-candy', 20),
(1075, 'oddish-candy', 20),
(1076, 'paras-candy', 20),
(1077, 'venonat-candy', 20),
(1078, 'diglett-candy', 20),
(1079, 'meowth-candy', 20),
(1080, 'psyduck-candy', 20),
(1081, 'mankey-candy', 20),
(1082, 'growlithe-candy', 20),
(1083, 'poliwag-candy', 20),
(1084, 'abra-candy', 20),
(1085, 'machop-candy', 20),
(1086, 'bellsprout-candy', 20),
(1087, 'tentacool-candy', 20),
(1088, 'geodude-candy', 20),
(1089, 'ponyta-candy', 20),
(1090, 'slowpoke-candy', 20),
(1091, 'magnemite-candy', 20),
(1092, 'farfetchd-candy', 20),
(1093, 'doduo-candy', 20),
(1094, 'seel-candy', 20),
(1095, 'grimer-candy', 20),
(1096, 'shellder-candy', 20),
(1097, 'gastly-candy', 20),
(1098, 'onix-candy', 20),
(1099, 'drowzee-candy', 20),
(1100, 'krabby-candy', 20),
(1101, 'voltorb-candy', 20),
(1102, 'exeggcute-candy', 20),
(1103, 'cubone-candy', 20),
(1104, 'hitmonlee-candy', 20),
(1105, 'hitmonchan-candy', 20),
(1106, 'lickitung-candy', 20),
(1107, 'koffing-candy', 20),
(1108, 'rhyhorn-candy', 20),
(1109, 'chansey-candy', 20),
(1110, 'tangela-candy', 20),
(1111, 'kangaskhan-candy', 20),
(1112, 'horsea-candy', 20),
(1113, 'goldeen-candy', 20),
(1114, 'staryu-candy', 20),
(1115, 'mr-mime-candy', 20),
(1116, 'scyther-candy', 20),
(1117, 'jynx-candy', 20),
(1118, 'electabuzz-candy', 20),
(1119, 'pinsir-candy', 20),
(1120, 'tauros-candy', 20),
(1121, 'magikarp-candy', 20),
(1122, 'lapras-candy', 20),
(1123, 'ditto-candy', 20),
(1124, 'eevee-candy', 20),
(1125, 'porygon-candy', 20),
(1126, 'omanyte-candy', 20),
(1127, 'kabuto-candy', 20),
(1128, 'aerodactyl-candy', 20),
(1129, 'snorlax-candy', 20),
(1130, 'articuno-candy', 20),
(1131, 'zapdos-candy', 20),
(1132, 'moltres-candy', 20),
(1133, 'dratini-candy', 20),
(1134, 'mewtwo-candy', 20),
(1135, 'mew-candy', 20),
(1136, 'meltan-candy', 20),
(1137, 'magmar-candy', 20),
(1138, 'endorsement', 0),
(1139, 'pokemon-box-link', 0),
(1140, 'wishing-star', 0),
(1141, 'dynamax-band', 0),
(1142, 'fishing-rod--galar', 0),
(1143, 'rotom-bike', 0),
(1144, 'sausages', 400),
(1145, 'bobs-food-tin', 950),
(1146, 'bachs-food-tin', 950),
(1147, 'tin-of-beans', 400),
(1148, 'bread', 150),
(1149, 'pasta', 150),
(1150, 'mixed-mushrooms', 400),
(1151, 'smoke-poke-tail', 2200),
(1152, 'large-leek', 2200),
(1153, 'fancy-apple', 2200),
(1154, 'brittle-bones', 950),
(1155, 'pack-of-potatoes', 400),
(1156, 'pungent-root', 950),
(1157, 'salad-mix', 400),
(1158, 'fried-food', 150),
(1159, 'boiled-egg', 2200),
(1160, 'camping-gear', 0),
(1161, 'rusted-sword', 0),
(1162, 'rusted-shield', 0),
(1163, 'fossilized-bird', 5000),
(1164, 'fossilized-fish', 5000),
(1165, 'fossilized-drake', 5000),
(1166, 'fossilized-dino', 5000),
(1167, 'strawberry-sweet', 500),
(1168, 'love-sweet', 500),
(1169, 'berry-sweet', 500),
(1170, 'clover-sweet', 500),
(1171, 'flower-sweet', 500),
(1172, 'star-sweet', 500),
(1173, 'ribbon-sweet', 500),
(1174, 'sweet-apple', 2200),
(1175, 'tart-apple', 2200),
(1176, 'throat-spray', 4000),
(1177, 'eject-pack', 4000),
(1178, 'heavy-duty-boots', 4000),
(1179, 'blunder-policy', 4000),
(1180, 'room-service', 4000),
(1181, 'utility-umbrella', 4000),
(1182, 'exp-candy-xs', 20),
(1183, 'exp-candy-s', 240),
(1184, 'exp-candy-m', 1000),
(1185, 'exp-candy-l', 3000),
(1186, 'exp-candy-xl', 10000),
(1187, 'dynamax-candy', 0),
(1188, 'tr00', 4000),
(1189, 'tr01', 6000),
(1190, 'tr02', 10000),
(1191, 'tr03', 16000),
(1192, 'tr04', 10000),
(1193, 'tr05', 10000),
(1194, 'tr06', 16000),
(1195, 'tr07', 6000),
(1196, 'tr08', 10000),
(1197, 'tr09', 16000),
(1198, 'tr10', 16000),
(1199, 'tr11', 10000),
(1200, 'tr12', 4000),
(1201, 'tr13', 2000),
(1202, 'tr14', 2000),
(1203, 'tr15', 16000),
(1204, 'tr16', 6000),
(1205, 'tr17', 4000),
(1206, 'tr18', 6000),
(1207, 'tr19', 4000),
(1208, 'tr20', 6000),
(1209, 'tr21', 4000),
(1210, 'tr22', 10000),
(1211, 'tr23', 4000),
(1212, 'tr24', 16000),
(1213, 'tr25', 6000),
(1214, 'tr26', 2000),
(1215, 'tr27', 4000),
(1216, 'tr28', 16000),
(1217, 'tr29', 4000),
(1218, 'tr30', 4000),
(1219, 'tr31', 10000),
(1220, 'tr32', 6000),
(1221, 'tr33', 6000),
(1222, 'tr34', 6000),
(1223, 'tr35', 6000),
(1224, 'tr36', 10000),
(1225, 'tr37', 4000),
(1226, 'tr38', 4000),
(1227, 'tr39', 16000),
(1228, 'tr40', 2000),
(1229, 'tr41', 6000),
(1230, 'tr42', 10000),
(1231, 'tr43', 16000),
(1232, 'tr44', 4000),
(1233, 'tr45', 10000),
(1234, 'tr46', 4000),
(1235, 'tr47', 6000),
(1236, 'tr48', 4000),
(1237, 'tr49', 4000),
(1238, 'tr50', 10000),
(1239, 'tr51', 4000),
(1240, 'tr52', 6000),
(1241, 'tr53', 16000),
(1242, 'tr54', 4000),
(1243, 'tr55', 16000),
(1244, 'tr56', 6000),
(1245, 'tr57', 6000),
(1246, 'tr58', 6000),
(1247, 'tr59', 6000),
(1248, 'tr60', 6000),
(1249, 'tr61', 10000),
(1250, 'tr62', 6000),
(1251, 'tr63', 6000),
(1252, 'tr64', 16000),
(1253, 'tr65', 10000),
(1254, 'tr66', 16000),
(1255, 'tr67', 10000),
(1256, 'tr68', 4000),
(1257, 'tr69', 6000),
(1258, 'tr70', 10000),
(1259, 'tr71', 16000),
(1260, 'tr72', 16000),
(1261, 'tr73', 16000),
(1262, 'tr74', 10000),
(1263, 'tr75', 16000),
(1264, 'tr76', 6000),
(1265, 'tr77', 6000),
(1266, 'tr78', 10000),
(1267, 'tr79', 6000),
(1268, 'tr80', 6000),
(1269, 'tr81', 6000),
(1270, 'tr82', 4000),
(1271, 'tr83', 4000),
(1272, 'tr84', 6000),
(1273, 'tr85', 2000),
(1274, 'tr86', 10000),
(1275, 'tr87', 6000),
(1276, 'tr88', 6000),
(1277, 'tr89', 16000),
(1278, 'tr90', 10000),
(1279, 'tr91', 4000),
(1280, 'tr92', 6000),
(1281, 'tr93', 10000),
(1282, 'tr94', 10000),
(1283, 'tr95', 6000),
(1284, 'tr96', 10000),
(1285, 'tr97', 10000),
(1286, 'tr98', 6000),
(1287, 'tr99', 6000),
(1288, 'tm00', 10000),
(1289, 'lonely-mint', 20),
(1290, 'adamant-mint', 20),
(1291, 'naughty-mint', 20),
(1292, 'brave-mint', 20),
(1293, 'bold-mint', 20),
(1294, 'impish-mint', 20),
(1295, 'lax-mint', 20),
(1296, 'relaxed-mint', 20),
(1297, 'modest-mint', 20),
(1298, 'mild-mint', 20),
(1299, 'rash-mint', 20),
(1300, 'quiet-mint', 20),
(1301, 'calm-mint', 20),
(1302, 'gentle-mint', 20),
(1303, 'careful-mint', 20),
(1304, 'sassy-mint', 20),
(1305, 'timid-mint', 20),
(1306, 'hasty-mint', 20),
(1307, 'jolly-mint', 20),
(1308, 'naive-mint', 20),
(1309, 'serious-mint', 20),
(1310, 'wishing-piece', 20),
(1311, 'cracked-pot', 1600),
(1312, 'chipped-pot', 38000),
(1313, 'hi-tech-earbuds', 0),
(1314, 'fruit-bunch', 2200),
(1315, 'moomoo-cheese', 2200),
(1316, 'spice-mix', 400),
(1317, 'fresh-cream', 950),
(1318, 'packaged-curry', 950),
(1319, 'coconut-milk', 950),
(1320, 'instant-noodles', 150),
(1321, 'precooked-burger', 150),
(1322, 'gigantamix', 15000),
(1323, 'wishing-chip', 0),
(1324, 'rotom-bike--water-mode', 0),
(1325, 'catching-charm', 0),
(1326, 'old-letter', 0),
(1327, 'band-autograph', 0),
(1328, 'sonias-book', 0),
(1329, 'rotom-catalog', 0),
(1330, 'dynamax-crystal-and458', 20),
(1331, 'dynamax-crystal-and15', 20),
(1332, 'dynamax-crystal-and337', 20),
(1333, 'dynamax-crystal-and603', 20),
(1334, 'dynamax-crystal-and390', 20),
(1335, 'dynamax-crystal-sgr6879', 20),
(1336, 'dynamax-crystal-sgr6859', 20),
(1337, 'dynamax-crystal-sgr6913', 20),
(1338, 'dynamax-crystal-sgr7348', 20),
(1339, 'dynamax-crystal-sgr7121', 20),
(1340, 'dynamax-crystal-sgr6746', 20),
(1341, 'dynamax-crystal-sgr7194', 20),
(1342, 'dynamax-crystal-sgr7337', 20),
(1343, 'dynamax-crystal-sgr7343', 20),
(1344, 'dynamax-crystal-sgr6812', 20),
(1345, 'dynamax-crystal-sgr7116', 20),
(1346, 'dynamax-crystal-sgr7264', 20),
(1347, 'dynamax-crystal-sgr7597', 20),
(1348, 'dynamax-crystal-del7882', 20),
(1349, 'dynamax-crystal-del7906', 20),
(1350, 'dynamax-crystal-del7852', 20),
(1351, 'dynamax-crystal-psc596', 20),
(1352, 'dynamax-crystal-psc361', 20),
(1353, 'dynamax-crystal-psc510', 20),
(1354, 'dynamax-crystal-psc437', 20),
(1355, 'dynamax-crystal-psc8773', 20),
(1356, 'dynamax-crystal-lep1865', 20),
(1357, 'dynamax-crystal-lep1829', 20),
(1358, 'dynamax-crystal-boo5340', 20),
(1359, 'dynamax-crystal-boo5506', 20),
(1360, 'dynamax-crystal-boo5435', 20),
(1361, 'dynamax-crystal-boo5602', 20),
(1362, 'dynamax-crystal-boo5733', 20),
(1363, 'dynamax-crystal-boo5235', 20),
(1364, 'dynamax-crystal-boo5351', 20),
(1365, 'dynamax-crystal-hya3748', 20),
(1366, 'dynamax-crystal-hya3903', 20),
(1367, 'dynamax-crystal-hya3418', 20),
(1368, 'dynamax-crystal-hya3482', 20),
(1369, 'dynamax-crystal-hya3845', 20),
(1370, 'dynamax-crystal-eri1084', 20),
(1371, 'dynamax-crystal-eri472', 20),
(1372, 'dynamax-crystal-eri1666', 20),
(1373, 'dynamax-crystal-eri897', 20),
(1374, 'dynamax-crystal-eri1231', 20),
(1375, 'dynamax-crystal-eri874', 20),
(1376, 'dynamax-crystal-eri1298', 20),
(1377, 'dynamax-crystal-eri1325', 20),
(1378, 'dynamax-crystal-eri984', 20),
(1379, 'dynamax-crystal-eri1464', 20),
(1380, 'dynamax-crystal-eri1393', 20),
(1381, 'dynamax-crystal-eri850', 20),
(1382, 'dynamax-crystal-tau1409', 20),
(1383, 'dynamax-crystal-tau1457', 20),
(1384, 'dynamax-crystal-tau1165', 20),
(1385, 'dynamax-crystal-tau1791', 20),
(1386, 'dynamax-crystal-tau1910', 20),
(1387, 'dynamax-crystal-tau1346', 20),
(1388, 'dynamax-crystal-tau1373', 20),
(1389, 'dynamax-crystal-tau1412', 20),
(1390, 'dynamax-crystal-cma2491', 20),
(1391, 'dynamax-crystal-cma2693', 20),
(1392, 'dynamax-crystal-cma2294', 20),
(1393, 'dynamax-crystal-cma2827', 20),
(1394, 'dynamax-crystal-cma2282', 20),
(1395, 'dynamax-crystal-cma2618', 20),
(1396, 'dynamax-crystal-cma2657', 20),
(1397, 'dynamax-crystal-cma2646', 20),
(1398, 'dynamax-crystal-uma4905', 20),
(1399, 'dynamax-crystal-uma4301', 20),
(1400, 'dynamax-crystal-uma5191', 20),
(1401, 'dynamax-crystal-uma5054', 20),
(1402, 'dynamax-crystal-uma4295', 20),
(1403, 'dynamax-crystal-uma4660', 20),
(1404, 'dynamax-crystal-uma4554', 20),
(1405, 'dynamax-crystal-uma4069', 20),
(1406, 'dynamax-crystal-uma3569', 20),
(1407, 'dynamax-crystal-uma3323', 20),
(1408, 'dynamax-crystal-uma4033', 20),
(1409, 'dynamax-crystal-uma4377', 20),
(1410, 'dynamax-crystal-uma4375', 20),
(1411, 'dynamax-crystal-uma4518', 20),
(1412, 'dynamax-crystal-uma3594', 20),
(1413, 'dynamax-crystal-vir5056', 20),
(1414, 'dynamax-crystal-vir4825', 20),
(1415, 'dynamax-crystal-vir4932', 20),
(1416, 'dynamax-crystal-vir4540', 20),
(1417, 'dynamax-crystal-vir4689', 20),
(1418, 'dynamax-crystal-vir5338', 20),
(1419, 'dynamax-crystal-vir4910', 20),
(1420, 'dynamax-crystal-vir5315', 20),
(1421, 'dynamax-crystal-vir5359', 20),
(1422, 'dynamax-crystal-vir5409', 20),
(1423, 'dynamax-crystal-vir5107', 20),
(1424, 'dynamax-crystal-ari617', 20),
(1425, 'dynamax-crystal-ari553', 20),
(1426, 'dynamax-crystal-ari546', 20),
(1427, 'dynamax-crystal-ari951', 20),
(1428, 'dynamax-crystal-ori1713', 20),
(1429, 'dynamax-crystal-ori2061', 20),
(1430, 'dynamax-crystal-ori1790', 20),
(1431, 'dynamax-crystal-ori1903', 20),
(1432, 'dynamax-crystal-ori1948', 20),
(1433, 'dynamax-crystal-ori2004', 20),
(1434, 'dynamax-crystal-ori1852', 20),
(1435, 'dynamax-crystal-ori1879', 20),
(1436, 'dynamax-crystal-ori1899', 20),
(1437, 'dynamax-crystal-ori1543', 20),
(1438, 'dynamax-crystal-cas21', 20),
(1439, 'dynamax-crystal-cas168', 20),
(1440, 'dynamax-crystal-cas403', 20),
(1441, 'dynamax-crystal-cas153', 20),
(1442, 'dynamax-crystal-cas542', 20),
(1443, 'dynamax-crystal-cas219', 20),
(1444, 'dynamax-crystal-cas265', 20),
(1445, 'dynamax-crystal-cnc3572', 20),
(1446, 'dynamax-crystal-cnc3208', 20),
(1447, 'dynamax-crystal-cnc3461', 20),
(1448, 'dynamax-crystal-cnc3449', 20),
(1449, 'dynamax-crystal-cnc3429', 20),
(1450, 'dynamax-crystal-cnc3627', 20),
(1451, 'dynamax-crystal-cnc3268', 20),
(1452, 'dynamax-crystal-cnc3249', 20),
(1453, 'dynamax-crystal-com4968', 20),
(1454, 'dynamax-crystal-crv4757', 20),
(1455, 'dynamax-crystal-crv4623', 20),
(1456, 'dynamax-crystal-crv4662', 20),
(1457, 'dynamax-crystal-crv4786', 20),
(1458, 'dynamax-crystal-aur1708', 20),
(1459, 'dynamax-crystal-aur2088', 20),
(1460, 'dynamax-crystal-aur1605', 20),
(1461, 'dynamax-crystal-aur2095', 20),
(1462, 'dynamax-crystal-aur1577', 20),
(1463, 'dynamax-crystal-aur1641', 20),
(1464, 'dynamax-crystal-aur1612', 20),
(1465, 'dynamax-crystal-pav7790', 20),
(1466, 'dynamax-crystal-cet911', 20),
(1467, 'dynamax-crystal-cet681', 20),
(1468, 'dynamax-crystal-cet188', 20),
(1469, 'dynamax-crystal-cet539', 20),
(1470, 'dynamax-crystal-cet804', 20),
(1471, 'dynamax-crystal-cep8974', 20),
(1472, 'dynamax-crystal-cep8162', 20),
(1473, 'dynamax-crystal-cep8238', 20),
(1474, 'dynamax-crystal-cep8417', 20),
(1475, 'dynamax-crystal-cen5267', 20),
(1476, 'dynamax-crystal-cen5288', 20),
(1477, 'dynamax-crystal-cen551', 20),
(1478, 'dynamax-crystal-cen5459', 20),
(1479, 'dynamax-crystal-cen5460', 20),
(1480, 'dynamax-crystal-cmi2943', 20),
(1481, 'dynamax-crystal-cmi2845', 20),
(1482, 'dynamax-crystal-equ8131', 20),
(1483, 'dynamax-crystal-vul7405', 20),
(1484, 'dynamax-crystal-umi424', 20),
(1485, 'dynamax-crystal-umi5563', 20),
(1486, 'dynamax-crystal-umi5735', 20),
(1487, 'dynamax-crystal-umi6789', 20),
(1488, 'dynamax-crystal-crt4287', 20),
(1489, 'dynamax-crystal-lyr7001', 20),
(1490, 'dynamax-crystal-lyr7178', 20),
(1491, 'dynamax-crystal-lyr7106', 20),
(1492, 'dynamax-crystal-lyr7298', 20),
(1493, 'dynamax-crystal-ara6585', 20),
(1494, 'dynamax-crystal-sco6134', 20),
(1495, 'dynamax-crystal-sco6527', 20),
(1496, 'dynamax-crystal-sco6553', 20),
(1497, 'dynamax-crystal-sco5953', 20),
(1498, 'dynamax-crystal-sco5984', 20),
(1499, 'dynamax-crystal-sco6508', 20),
(1500, 'dynamax-crystal-sco6084', 20),
(1501, 'dynamax-crystal-sco5944', 20),
(1502, 'dynamax-crystal-sco6630', 20),
(1503, 'dynamax-crystal-sco6027', 20),
(1504, 'dynamax-crystal-sco6247', 20),
(1505, 'dynamax-crystal-sco6252', 20),
(1506, 'dynamax-crystal-sco5928', 20),
(1507, 'dynamax-crystal-sco6241', 20),
(1508, 'dynamax-crystal-sco6165', 20),
(1509, 'dynamax-crystal-tri544', 20),
(1510, 'dynamax-crystal-leo3982', 20),
(1511, 'dynamax-crystal-leo4534', 20),
(1512, 'dynamax-crystal-leo4357', 20),
(1513, 'dynamax-crystal-leo4057', 20),
(1514, 'dynamax-crystal-leo4359', 20),
(1515, 'dynamax-crystal-leo4031', 20),
(1516, 'dynamax-crystal-leo3852', 20),
(1517, 'dynamax-crystal-leo3905', 20),
(1518, 'dynamax-crystal-leo3773', 20),
(1519, 'dynamax-crystal-gru8425', 20),
(1520, 'dynamax-crystal-gru8636', 20),
(1521, 'dynamax-crystal-gru8353', 20),
(1522, 'dynamax-crystal-lib5685', 20),
(1523, 'dynamax-crystal-lib5531', 20),
(1524, 'dynamax-crystal-lib5787', 20),
(1525, 'dynamax-crystal-lib5603', 20),
(1526, 'dynamax-crystal-pup3165', 20),
(1527, 'dynamax-crystal-pup3185', 20),
(1528, 'dynamax-crystal-pup3045', 20),
(1529, 'dynamax-crystal-cyg7924', 20),
(1530, 'dynamax-crystal-cyg7417', 20),
(1531, 'dynamax-crystal-cyg7796', 20),
(1532, 'dynamax-crystal-cyg8301', 20),
(1533, 'dynamax-crystal-cyg7949', 20),
(1534, 'dynamax-crystal-cyg7528', 20),
(1535, 'dynamax-crystal-oct7228', 20),
(1536, 'dynamax-crystal-col1956', 20),
(1537, 'dynamax-crystal-col2040', 20),
(1538, 'dynamax-crystal-col2177', 20),
(1539, 'dynamax-crystal-gem2990', 20),
(1540, 'dynamax-crystal-gem2891', 20),
(1541, 'dynamax-crystal-gem2421', 20),
(1542, 'dynamax-crystal-gem2473', 20),
(1543, 'dynamax-crystal-gem2216', 20),
(1544, 'dynamax-crystal-gem2777', 20),
(1545, 'dynamax-crystal-gem2650', 20),
(1546, 'dynamax-crystal-gem2286', 20),
(1547, 'dynamax-crystal-gem2484', 20),
(1548, 'dynamax-crystal-gem2930', 20),
(1549, 'dynamax-crystal-peg8775', 20),
(1550, 'dynamax-crystal-peg8781', 20),
(1551, 'dynamax-crystal-peg39', 20),
(1552, 'dynamax-crystal-peg8308', 20),
(1553, 'dynamax-crystal-peg8650', 20),
(1554, 'dynamax-crystal-peg8634', 20),
(1555, 'dynamax-crystal-peg8684', 20),
(1556, 'dynamax-crystal-peg8450', 20),
(1557, 'dynamax-crystal-peg8880', 20),
(1558, 'dynamax-crystal-peg8905', 20),
(1559, 'dynamax-crystal-oph6556', 20),
(1560, 'dynamax-crystal-oph6378', 20),
(1561, 'dynamax-crystal-oph6603', 20),
(1562, 'dynamax-crystal-oph6149', 20),
(1563, 'dynamax-crystal-oph6056', 20),
(1564, 'dynamax-crystal-oph6075', 20),
(1565, 'dynamax-crystal-ser5854', 20),
(1566, 'dynamax-crystal-ser7141', 20),
(1567, 'dynamax-crystal-ser5879', 20),
(1568, 'dynamax-crystal-her6406', 20),
(1569, 'dynamax-crystal-her6148', 20),
(1570, 'dynamax-crystal-her6410', 20),
(1571, 'dynamax-crystal-her6526', 20),
(1572, 'dynamax-crystal-her6117', 20),
(1573, 'dynamax-crystal-her6008', 20),
(1574, 'dynamax-crystal-per936', 20),
(1575, 'dynamax-crystal-per1017', 20),
(1576, 'dynamax-crystal-per1131', 20),
(1577, 'dynamax-crystal-per1228', 20),
(1578, 'dynamax-crystal-per834', 20),
(1579, 'dynamax-crystal-per941', 20),
(1580, 'dynamax-crystal-phe99', 20),
(1581, 'dynamax-crystal-phe338', 20),
(1582, 'dynamax-crystal-vel3634', 20),
(1583, 'dynamax-crystal-vel3485', 20),
(1584, 'dynamax-crystal-vel3734', 20),
(1585, 'dynamax-crystal-aqr8232', 20),
(1586, 'dynamax-crystal-aqr8414', 20),
(1587, 'dynamax-crystal-aqr8709', 20),
(1588, 'dynamax-crystal-aqr8518', 20),
(1589, 'dynamax-crystal-aqr7950', 20),
(1590, 'dynamax-crystal-aqr8499', 20),
(1591, 'dynamax-crystal-aqr8610', 20),
(1592, 'dynamax-crystal-aqr8264', 20),
(1593, 'dynamax-crystal-cru4853', 20),
(1594, 'dynamax-crystal-cru4730', 20),
(1595, 'dynamax-crystal-cru4763', 20),
(1596, 'dynamax-crystal-cru4700', 20),
(1597, 'dynamax-crystal-cru4656', 20),
(1598, 'dynamax-crystal-psa8728', 20),
(1599, 'dynamax-crystal-tra6217', 20),
(1600, 'dynamax-crystal-cap7776', 20),
(1601, 'dynamax-crystal-cap7754', 20),
(1602, 'dynamax-crystal-cap8278', 20),
(1603, 'dynamax-crystal-cap8322', 20),
(1604, 'dynamax-crystal-cap7773', 20),
(1605, 'dynamax-crystal-sge7479', 20),
(1606, 'dynamax-crystal-car2326', 20),
(1607, 'dynamax-crystal-car3685', 20),
(1608, 'dynamax-crystal-car3307', 20),
(1609, 'dynamax-crystal-car3699', 20),
(1610, 'dynamax-crystal-dra5744', 20),
(1611, 'dynamax-crystal-dra5291', 20),
(1612, 'dynamax-crystal-dra6705', 20),
(1613, 'dynamax-crystal-dra6536', 20),
(1614, 'dynamax-crystal-dra7310', 20),
(1615, 'dynamax-crystal-dra6688', 20),
(1616, 'dynamax-crystal-dra4434', 20),
(1617, 'dynamax-crystal-dra6370', 20),
(1618, 'dynamax-crystal-dra7462', 20),
(1619, 'dynamax-crystal-dra6396', 20),
(1620, 'dynamax-crystal-dra6132', 20),
(1621, 'dynamax-crystal-dra6636', 20),
(1622, 'dynamax-crystal-cvn4915', 20),
(1623, 'dynamax-crystal-cvn4785', 20),
(1624, 'dynamax-crystal-cvn4846', 20),
(1625, 'dynamax-crystal-aql7595', 20),
(1626, 'dynamax-crystal-aql7557', 20),
(1627, 'dynamax-crystal-aql7525', 20),
(1628, 'dynamax-crystal-aql7602', 20),
(1629, 'dynamax-crystal-aql7235', 20),
(1630, 'max-honey', 4000),
(1631, 'max-mushrooms', 6000),
(1632, 'galarica-twig', 20),
(1633, 'galarica-cuff', 3000),
(1634, 'style-card', 0),
(1635, 'armor-pass', 0),
(1636, 'rotom-bike--sparkling-white', 0),
(1637, 'rotom-bike--glistening-black', 0),
(1638, 'exp-charm', 0),
(1639, 'armorite-ore', 20),
(1640, 'mark-charm', 0),
(1641, 'reins-of-unity--merge', 0),
(1642, 'reins-of-unity--split', 0),
(1643, 'galarica-wreath', 3000),
(1644, 'legendary-clue-1', 0),
(1645, 'legendary-clue-2', 0),
(1646, 'legendary-clue-3', 0),
(1647, 'legendary-clue-question', 0),
(1648, 'crown-pass', 0),
(1649, 'wooden-crown', 0),
(1650, 'radiant-petal', 0),
(1651, 'white-mane-hair', 0),
(1652, 'black-mane-hair', 0),
(1653, 'iceroot-carrot', 0),
(1654, 'shaderoot-carrot', 0),
(1655, 'dynite-ore', 20),
(1656, 'carrot-seeds', 20),
(1657, 'ability-patch', 20),
(1658, 'reins-of-unity', 0),
(1659, 'adamant-crystal', 0),
(1660, 'lustrous-globe', 0),
(1661, 'griseous-core', 0),
(1662, 'blank-plate', 0),
(1663, 'strange-ball', 0),
(1664, 'legend-plate', 0),
(1665, 'rotom-phone', 0),
(1666, 'sandwich', 0),
(1667, 'koraidon’s-poké-ball', 0),
(1668, 'miraidon’s-poké-ball', 0),
(1669, 'tera-orb', 0),
(1670, 'scarlet-book', 0),
(1671, 'violet-book', 0),
(1672, 'kofu’s-wallet', 0),
(1673, 'tiny-bamboo-shoot', 375),
(1674, 'big-bamboo-shoot', 1500),
(1675, 'scroll-of-darkness', 0),
(1676, 'scroll-of-waters', 0),
(1677, 'malicious-armor', 750),
(1678, 'normal-tera-shard', 500),
(1679, 'fire-tera-shard', 500),
(1680, 'water-tera-shard', 500),
(1681, 'electric-tera-shard', 500),
(1682, 'grass-tera-shard', 500),
(1683, 'ice-tera-shard', 500),
(1684, 'fighting-tera-shard', 500),
(1685, 'poison-tera-shard', 500),
(1686, 'ground-tera-shard', 500),
(1687, 'flying-tera-shard', 500),
(1688, 'psychic-tera-shard', 500),
(1689, 'bug-tera-shard', 500),
(1690, 'rock-tera-shard', 500),
(1691, 'ghost-tera-shard', 500),
(1692, 'dragon-tera-shard', 500),
(1693, 'dark-tera-shard', 500),
(1694, 'steel-tera-shard', 500),
(1695, 'fairy-tera-shard', 500),
(1696, 'booster-energy', 0),
(1697, 'ability-shield', 20000),
(1698, 'clear-amulet', 30000),
(1699, 'mirror-herb', 30000),
(1700, 'punching-glove', 15000),
(1701, 'covert-cloak', 20000),
(1702, 'loaded-dice', 20000),
(1703, 'baguette', 0),
(1704, 'mayonnaise', 120),
(1705, 'ketchup', 110),
(1706, 'mustard', 130),
(1707, 'butter', 250),
(1708, 'peanut-butter', 300),
(1709, 'chili-sauce', 320),
(1710, 'salt', 90),
(1711, 'pepper', 100),
(1712, 'yogurt', 140),
(1713, 'whipped-cream', 200),
(1714, 'cream-cheese', 280),
(1715, 'jam', 120),
(1716, 'marmalade', 260),
(1717, 'olive-oil', 300),
(1718, 'vinegar', 300),
(1719, 'sweet-herba-mystica', 0),
(1720, 'salty-herba-mystica', 0),
(1721, 'sour-herba-mystica', 0),
(1722, 'bitter-herba-mystica', 0),
(1723, 'spicy-herba-mystica', 0),
(1724, 'lettuce', 90),
(1725, 'tomato', 100),
(1726, 'cherry-tomatoes', 120),
(1727, 'cucumber', 130),
(1728, 'pickle', 90),
(1729, 'onion', 130),
(1730, 'red-onion', 230),
(1731, 'green-bell-pepper', 230),
(1732, 'red-bell-pepper', 240),
(1733, 'yellow-bell-pepper', 240),
(1734, 'avocado', 180),
(1735, 'bacon', 150),
(1736, 'ham', 170),
(1737, 'prosciutto', 200),
(1738, 'chorizo', 150),
(1739, 'herbed-sausage', 400),
(1740, 'hamburger', 380),
(1741, 'klawf-stick', 500),
(1742, 'smoked-fillet', 330),
(1743, 'fried-fillet', 360),
(1744, 'egg', 80),
(1745, 'potato-tortilla', 250),
(1746, 'tofu', 260),
(1747, 'rice', 280),
(1748, 'noodles', 280),
(1749, 'potato-salad', 110),
(1750, 'cheese', 120),
(1751, 'banana', 80),
(1752, 'strawberry', 140),
(1753, 'apple', 130),
(1754, 'kiwi', 180),
(1755, 'pineapple', 250),
(1756, 'jalapeño', 220),
(1757, 'horseradish', 410),
(1758, 'curry-powder', 450),
(1759, 'wasabi', 330),
(1760, 'watercress', 270),
(1761, 'basil', 280),
(1762, 'venonat-fang', 80),
(1763, 'diglett-dirt', 80),
(1764, 'meowth-fur', 80),
(1765, 'psyduck-down', 60),
(1766, 'mankey-fur', 80),
(1767, 'growlithe-fur', 80),
(1768, 'slowpoke-claw', 80),
(1769, 'magnemite-screw', 80),
(1770, 'grimer-toxin', 80),
(1771, 'shellder-pearl', 140),
(1772, 'gastly-gas', 80),
(1773, 'drowzee-fur', 60),
(1774, 'voltorb-sparks', 80),
(1775, 'scyther-claw', 100),
(1776, 'tauros-hair', 100),
(1777, 'magikarp-scales', 40),
(1778, 'ditto-goo', 300),
(1779, 'eevee-fur', 200),
(1780, 'dratini-scales', 200),
(1781, 'pichu-fur', 100),
(1782, 'igglybuff-fluff', 60),
(1783, 'mareep-wool', 60),
(1784, 'hoppip-leaf', 60),
(1785, 'sunkern-leaf', 60),
(1786, 'murkrow-bauble', 100),
(1787, 'misdreavus-tears', 80),
(1788, 'girafarig-fur', 100),
(1789, 'pineco-husk', 80),
(1790, 'dunsparce-scales', 120),
(1791, 'qwilfish-spines', 80),
(1792, 'heracross-claw', 100),
(1793, 'sneasel-claw', 80),
(1794, 'teddiursa-claw', 80),
(1795, 'delibird-parcel', 240),
(1796, 'houndour-fang', 80),
(1797, 'phanpy-nail', 80),
(1798, 'stantler-hair', 120),
(1799, 'larvitar-claw', 200),
(1800, 'wingull-feather', 60),
(1801, 'ralts-dust', 80),
(1802, 'surskit-syrup', 60),
(1803, 'shroomish-spores', 80),
(1804, 'slakoth-fur', 60),
(1805, 'makuhita-sweat', 80),
(1806, 'azurill-fur', 60),
(1807, 'sableye-gem', 200),
(1808, 'meditite-sweat', 80),
(1809, 'gulpin-mucus', 80),
(1810, 'numel-lava', 80),
(1811, 'torkoal-coal', 140),
(1812, 'spoink-pearl', 140),
(1813, 'cacnea-needle', 80),
(1814, 'swablu-fluff', 100),
(1815, 'zangoose-claw', 120),
(1816, 'seviper-fang', 120),
(1817, 'barboach-slime', 60),
(1818, 'shuppet-scrap', 80),
(1819, 'tropius-leaf', 140),
(1820, 'snorunt-fur', 80),
(1821, 'luvdisc-scales', 160),
(1822, 'bagon-scales', 200),
(1823, 'starly-feather', 60),
(1824, 'kricketot-shell', 40),
(1825, 'shinx-fang', 60),
(1826, 'combee-honey', 100),
(1827, 'pachirisu-fur', 100),
(1828, 'buizel-fur', 80),
(1829, 'shellos-mucus', 80),
(1830, 'drifloon-gas', 80),
(1831, 'stunky-fur', 80),
(1832, 'bronzor-fragment', 80),
(1833, 'bonsly-tears', 80),
(1834, 'happiny-dust', 300),
(1835, 'spiritomb-fragment', 240),
(1836, 'gible-scales', 200),
(1837, 'riolu-fur', 160),
(1838, 'hippopotas-sand', 80),
(1839, 'croagunk-poison', 80),
(1840, 'finneon-scales', 80),
(1841, 'snover-berries', 60),
(1842, 'rotom-sparks', 200),
(1843, 'petilil-leaf', 60),
(1844, 'basculin-fang', 80),
(1845, 'sandile-claw', 80),
(1846, 'zorua-fur', 140),
(1847, 'gothita-eyelash', 80),
(1848, 'deerling-hair', 60),
(1849, 'foongus-spores', 80),
(1850, 'alomomola-mucus', 120),
(1851, 'tynamo-slime', 80),
(1852, 'axew-scales', 200),
(1853, 'cubchoo-fur', 80),
(1854, 'cryogonal-ice', 100),
(1855, 'pawniard-blade', 80),
(1856, 'rufflet-feather', 80),
(1857, 'deino-scales', 200),
(1858, 'larvesta-fuzz', 200),
(1859, 'fletchling-feather', 60),
(1860, 'scatterbug-powder', 40),
(1861, 'litleo-tuft', 80),
(1862, 'flabébé-pollen', 80),
(1863, 'skiddo-leaf', 80),
(1864, 'skrelp-kelp', 100),
(1865, 'clauncher-claw', 100),
(1866, 'hawlucha-down', 100),
(1867, 'dedenne-fur', 100),
(1868, 'goomy-goo', 140),
(1869, 'klefki-key', 100),
(1870, 'bergmite-ice', 80),
(1871, 'noibat-fur', 80),
(1872, 'yungoos-fur', 60),
(1873, 'crabrawler-shell', 100),
(1874, 'oricorio-feather', 100),
(1875, 'rockruff-rock', 80),
(1876, 'mareanie-spike', 80),
(1877, 'mudbray-mud', 80),
(1878, 'fomantis-leaf', 80),
(1879, 'salandit-gas', 80),
(1880, 'bounsweet-sweat', 80),
(1881, 'oranguru-fur', 120),
(1882, 'passimian-fur', 120),
(1883, 'sandygast-sand', 80),
(1884, 'komala-claw', 100),
(1885, 'mimikyu-scrap', 40),
(1886, 'bruxish-tooth', 100),
(1887, 'chewtle-claw', 80),
(1888, 'skwovet-fur', 60),
(1889, 'arrokuda-scales', 80),
(1890, 'rookidee-feather', 80),
(1891, 'toxel-sparks', 80),
(1892, 'falinks-sweat', 120),
(1893, 'cufant-tarnish', 80),
(1894, 'rolycoly-coal', 80),
(1895, 'silicobra-sand', 80),
(1896, 'indeedee-fur', 120),
(1897, 'pincurchin-spines', 100),
(1898, 'snom-thread', 80),
(1899, 'impidimp-hair', 80),
(1900, 'applin-juice', 100),
(1901, 'sinistea-chip', 80),
(1902, 'hatenna-dust', 80),
(1903, 'stonjourner-stone', 120),
(1904, 'eiscue-down', 120),
(1905, 'dreepy-powder', 200),
(1906, 'lechonk-hair', 60),
(1907, 'tarountula-thread', 60),
(1908, 'nymble-claw', 60),
(1909, 'rellor-mud', 80),
(1910, 'greavard-wax', 80),
(1911, 'flittle-down', 80),
(1912, 'wiglett-sand', 80),
(1913, 'dondozo-whisker', 160),
(1914, 'veluza-fillet', 140),
(1915, 'finizen-mucus', 100),
(1916, 'smoliv-oil', 80),
(1917, 'capsakid-seed', 80),
(1918, 'tadbulb-mucus', 80),
(1919, 'varoom-fume', 80),
(1920, 'orthworm-tarnish', 200),
(1921, 'tandemaus-fur', 80),
(1922, 'cetoddle-grease', 80),
(1923, 'frigibax-scales', 200),
(1924, 'tatsugiri-scales', 200),
(1925, 'cyclizar-scales', 120),
(1926, 'pawmi-fur', 100),
(1927, 'wattrel-feather', 120),
(1928, 'bombirdier-feather', 200);
INSERT INTO `item` (`id`, `name_item`, `cost`) VALUES
(1929, 'squawkabilly-feather', 80),
(1930, 'flamigo-down', 80),
(1931, 'klawf-claw', 200),
(1932, 'nacli-salt', 80),
(1933, 'glimmet-crystal', 120),
(1934, 'shroodle-ink', 80),
(1935, 'fidough-fur', 80),
(1936, 'maschiff-fang', 80),
(1937, 'bramblin-twig', 80),
(1938, 'gimmighoul-coin', 800),
(1939, 'tinkatink-hair', 80),
(1940, 'charcadet-soot', 160),
(1941, 'toedscool-flaps', 100),
(1942, 'wooper-slime', 60),
(1943, 'tm100', 0),
(1944, 'tm101', 0),
(1945, 'tm102', 0),
(1946, 'tm103', 0),
(1947, 'tm104', 0),
(1948, 'tm105', 0),
(1949, 'tm106', 0),
(1950, 'tm107', 0),
(1951, 'tm108', 0),
(1952, 'tm109', 0),
(1953, 'tm110', 0),
(1954, 'tm111', 0),
(1955, 'tm112', 0),
(1956, 'tm113', 0),
(1957, 'tm114', 0),
(1958, 'tm115', 0),
(1959, 'tm116', 0),
(1960, 'tm117', 0),
(1961, 'tm118', 0),
(1962, 'tm119', 0),
(1963, 'tm120', 0),
(1964, 'tm121', 0),
(1965, 'tm122', 0),
(1966, 'tm123', 0),
(1967, 'tm124', 0),
(1968, 'tm125', 0),
(1969, 'tm126', 0),
(1970, 'tm127', 0),
(1971, 'tm128', 0),
(1972, 'tm129', 0),
(1973, 'tm130', 0),
(1974, 'tm131', 0),
(1975, 'tm132', 0),
(1976, 'tm133', 0),
(1977, 'tm134', 0),
(1978, 'tm135', 0),
(1979, 'tm136', 0),
(1980, 'tm137', 0),
(1981, 'tm138', 0),
(1982, 'tm139', 0),
(1983, 'tm140', 0),
(1984, 'tm141', 0),
(1985, 'tm142', 0),
(1986, 'tm143', 0),
(1987, 'tm144', 0),
(1988, 'tm145', 0),
(1989, 'tm146', 0),
(1990, 'tm147', 0),
(1991, 'tm148', 0),
(1992, 'tm149', 0),
(1993, 'tm150', 0),
(1994, 'tm151', 0),
(1995, 'tm152', 0),
(1996, 'tm153', 0),
(1997, 'tm154', 0),
(1998, 'tm155', 0),
(1999, 'tm156', 0),
(2000, 'tm157', 0),
(2001, 'tm158', 0),
(2002, 'tm159', 0),
(2003, 'tm160', 0),
(2004, 'tm161', 0),
(2005, 'tm162', 0),
(2006, 'tm163', 0),
(2007, 'tm164', 0),
(2008, 'tm165', 0),
(2009, 'tm166', 0),
(2010, 'tm167', 0),
(2011, 'tm168', 0),
(2012, 'tm169', 0),
(2013, 'tm170', 0),
(2014, 'tm171', 0),
(2015, 'picnic-set', 0),
(2016, 'academy-bottle', 0),
(2017, 'academy-bottle', 0),
(2018, 'polka-dot-bottle', 1000),
(2019, 'striped-bottle', 1000),
(2020, 'diamond-bottle', 1000),
(2021, 'academy-cup', 0),
(2022, 'academy-cup', 0),
(2023, 'striped-cup', 800),
(2024, 'polka-dot-cup', 800),
(2025, 'flower-pattern-cup', 800),
(2026, 'academy-tablecloth', 0),
(2027, 'academy-tablecloth', 0),
(2028, 'whimsical-tablecloth', 2000),
(2029, 'leafy-tablecloth', 2000),
(2030, 'spooky-tablecloth', 4000),
(2031, 'academy-ball', 0),
(2032, 'academy-ball', 0),
(2033, 'marill-ball', 2000),
(2034, 'yarn-ball', 1000),
(2035, 'cyber-ball', 2000),
(2036, 'gold-pick', 400),
(2037, 'silver-pick', 40),
(2038, 'red-flag-pick', 120),
(2039, 'blue-flag-pick', 120),
(2040, 'pika-pika-pick', 480),
(2041, 'winking-pika-pick', 1200),
(2042, 'vee-vee-pick', 480),
(2043, 'smiling-vee-pick', 1200),
(2044, 'blue-poké-ball-pick', 200),
(2045, 'auspicious-armor', 3000),
(2046, 'leader’s-crest', 3000),
(2047, 'pink-bottle', 2000),
(2048, 'blue-bottle', 2000),
(2049, 'yellow-bottle', 2000),
(2050, 'steel-bottle-(r)', 1500),
(2051, 'steel-bottle-(y)', 1500),
(2052, 'steel-bottle-(b)', 1500),
(2053, 'silver-bottle', 20000),
(2054, 'barred-cup', 800),
(2055, 'diamond-pattern-cup', 800),
(2056, 'fire-pattern-cup', 800),
(2057, 'pink-cup', 1500),
(2058, 'blue-cup', 1500),
(2059, 'yellow-cup', 1500),
(2060, 'pikachu-cup', 2000),
(2061, 'eevee-cup', 2000),
(2062, 'slowpoke-cup', 2000),
(2063, 'silver-cup', 20000),
(2064, 'exercise-ball', 2000),
(2065, 'plaid-tablecloth-(y)', 3000),
(2066, 'plaid-tablecloth-(b)', 3000),
(2067, 'plaid-tablecloth-(r)', 3000),
(2068, 'b&w-grass-tablecloth', 0),
(2069, 'battle-tablecloth', 4000),
(2070, 'monstrous-tablecloth', 2000),
(2071, 'striped-tablecloth', 1500),
(2072, 'diamond-tablecloth', 1500),
(2073, 'polka-dot-tablecloth', 1500),
(2074, 'lilac-tablecloth', 1000),
(2075, 'mint-tablecloth', 1000),
(2076, 'peach-tablecloth', 1000),
(2077, 'yellow-tablecloth', 5000),
(2078, 'blue-tablecloth', 5000),
(2079, 'pink-tablecloth', 5000),
(2080, 'gold-bottle', 30000),
(2081, 'bronze-bottle', 10000),
(2082, 'gold-cup', 15000),
(2083, 'bronze-cup', 5000),
(2084, 'green-poké-ball-pick', 200),
(2085, 'red-poké-ball-pick', 200),
(2086, 'party-sparkler-pick', 1600),
(2087, 'heroic-sword-pick', 2000),
(2088, 'magical-star-pick', 600),
(2089, 'magical-heart-pick', 600),
(2090, 'parasol-pick', 800),
(2091, 'blue-sky-flower-pick', 1000),
(2092, 'sunset-flower-pick', 1000),
(2093, 'sunrise-flower-pick', 1000),
(2094, 'blue-dish', 0),
(2095, 'green-dish', 0),
(2096, 'orange-dish', 0),
(2097, 'red-dish', 0),
(2098, 'white-dish', 0),
(2099, 'yellow-dish', 0),
(2100, 'roto-stick', 0),
(2101, 'teal-style-card', 0),
(2102, 'teal-mask', 0),
(2103, 'glimmering-charm', 0),
(2104, 'cyrstal-cluster', 0),
(2105, 'fairy-feather', 750),
(2106, 'wellspring-mask', 0),
(2107, 'hearthflame-mask', 0),
(2108, 'cornerstone-mask', 0),
(2109, 'syrupy-apple', 500),
(2110, 'unremarkable-teacup', 400),
(2111, 'masterpiece-teacup', 9500),
(2112, 'health-mochi', 125),
(2113, 'muscle-mochi', 125),
(2114, 'resist-mochi', 125),
(2115, 'genius-mochi', 125),
(2116, 'clever-mochi', 125),
(2117, 'swift-mochi', 125),
(2118, 'fresh-start-mochi', 75),
(2119, 'ekans-fang', 15),
(2120, 'sandshrew-claw', 10),
(2121, 'cleffa-fur', 25),
(2122, 'vulpix-fur', 35),
(2123, 'poliwag-slime', 35),
(2124, 'bellsprout-vine', 25),
(2125, 'geodude-fragment', 30),
(2126, 'koffing-gas', 25),
(2127, 'munchlax-fang', 40),
(2128, 'sentret-fur', 10),
(2129, 'hoothoot-feather', 15),
(2130, 'spinarak-thread', 10),
(2131, 'aipom-hair', 30),
(2132, 'yanma-spike', 35),
(2133, 'gligar-fang', 40),
(2134, 'slugma-lava', 20),
(2135, 'swinub-hair', 35),
(2136, 'poochyena-fang', 15),
(2137, 'lotad-leaf', 20),
(2138, 'seedot-stem', 20),
(2139, 'nosepass-fragment', 40),
(2140, 'volbeat-fluid', 10),
(2141, 'illumise-fluid', 10),
(2142, 'corphish-shell', 10),
(2143, 'feebas-scales', 35),
(2144, 'duskull-fragment', 40),
(2145, 'chingling-fragment', 20),
(2146, 'timburr-sweat', 30),
(2147, 'sewaddle-leaf', 20),
(2148, 'ducklett-feather', 15),
(2149, 'litwick-soot', 30),
(2150, 'mienfoo-claw', 40),
(2151, 'vullaby-feather', 35),
(2152, 'carbink-jewel', 50),
(2153, 'phantump-twig', 20),
(2154, 'grubbin-thread', 25),
(2155, 'cutiefly-powder', 25),
(2156, 'jangmo-o-scales', 50),
(2157, 'cramorant-down', 30),
(2158, 'morpeko-snack', 15),
(2159, 'poltchageist-powder', 30),
(2160, 'linking-cord', 8000),
(2161, 'tm172', 0),
(2162, 'tm173', 0),
(2163, 'tm174', 0),
(2164, 'tm175', 0),
(2165, 'tm176', 0),
(2166, 'tm177', 0),
(2167, 'tm178', 0),
(2168, 'tm179', 0),
(2169, 'tm180', 0),
(2170, 'tm181', 0),
(2171, 'tm182', 0),
(2172, 'tm183', 0),
(2173, 'tm184', 0),
(2174, 'tm185', 0),
(2175, 'tm186', 0),
(2176, 'tm187', 0),
(2177, 'tm188', 0),
(2178, 'tm189', 0),
(2179, 'tm190', 0),
(2180, 'tm191', 0),
(2181, 'tm192', 0),
(2182, 'tm193', 0),
(2183, 'tm194', 0),
(2184, 'tm195', 0),
(2185, 'tm196', 0),
(2186, 'tm197', 0),
(2187, 'tm198', 0),
(2188, 'tm199', 0),
(2189, 'tm200', 0),
(2190, 'tm201', 0),
(2191, 'tm202', 0),
(2192, 'tm203', 0),
(2193, 'tm204', 0),
(2194, 'tm205', 0),
(2195, 'tm206', 0),
(2196, 'tm207', 0),
(2197, 'tm208', 0),
(2198, 'tm209', 0),
(2199, 'tm210', 0),
(2200, 'tm211', 0),
(2201, 'tm212', 0),
(2202, 'tm213', 0),
(2203, 'tm214', 0),
(2204, 'tm215', 0),
(2205, 'tm216', 0),
(2206, 'tm217', 0),
(2207, 'tm218', 0),
(2208, 'tm219', 0),
(2209, 'tm220', 0),
(2210, 'tm221', 0),
(2211, 'tm222', 0),
(2212, 'tm223', 0),
(2213, 'tm224', 0),
(2214, 'tm225', 0),
(2215, 'tm226', 0),
(2216, 'tm227', 0),
(2217, 'tm228', 0),
(2218, 'tm229', 0),
(2219, 'lastrange-ball', 0),
(2220, 'lapoke-ball', 0),
(2221, 'lagreat-ball', 0),
(2222, 'laultra-ball', 0),
(2223, 'laheavy-ball', 0),
(2224, 'laleaden-ball', 0),
(2225, 'lagigaton-ball', 0),
(2226, 'lafeather-ball', 0),
(2227, 'lawing-ball', 0),
(2228, 'lajet-ball', 0),
(2229, 'laorigin-ball', 0),
(10001, 'black-augurite', 0),
(10002, 'peat-block', 0);

-- --------------------------------------------------------

--
-- Estructura de tabla para la tabla `location`
--

CREATE TABLE `location` (
  `id` int(11) NOT NULL,
  `name_location` varchar(50) NOT NULL,
  `region_id` int(11) DEFAULT NULL
) ENGINE=InnoDB DEFAULT CHARSET=utf8mb4 COLLATE=utf8mb4_general_ci;

--
-- Volcado de datos para la tabla `location`
--

INSERT INTO `location` (`id`, `name_location`, `region_id`) VALUES
(1, 'canalave-city', 4),
(2, 'eterna-city', 4),
(3, 'pastoria-city', 4),
(4, 'sunyshore-city', 4),
(5, 'sinnoh-pokemon-league', 4),
(6, 'oreburgh-mine', 4),
(7, 'valley-windworks', 4),
(8, 'eterna-forest', 4),
(9, 'fuego-ironworks', 4),
(10, 'mt-coronet', 4),
(11, 'great-marsh', 4),
(12, 'solaceon-ruins', 4),
(13, 'sinnoh-victory-road', 4),
(14, 'ravaged-path', 4),
(15, 'oreburgh-gate', 4),
(16, 'stark-mountain', 4),
(17, 'spring-path', 4),
(18, 'turnback-cave', 4),
(19, 'snowpoint-temple', 4),
(20, 'wayward-cave', 4),
(22, 'ruin-maniac-cave', 4),
(23, 'trophy-garden', 4),
(24, 'iron-island', 4),
(25, 'old-chateau', 4),
(26, 'lake-verity', 4),
(27, 'lake-valor', 4),
(28, 'lake-acuity', 4),
(29, 'valor-lakefront', 4),
(30, 'acuity-lakefront', 4),
(31, 'sinnoh-route-201', 4),
(32, 'sinnoh-route-202', 4),
(33, 'sinnoh-route-203', 4),
(34, 'sinnoh-route-204', 4),
(35, 'sinnoh-route-205', 4),
(36, 'sinnoh-route-206', 4),
(37, 'sinnoh-route-207', 4),
(38, 'sinnoh-route-208', 4),
(39, 'sinnoh-route-209', 4),
(40, 'lost-tower', 4),
(41, 'sinnoh-route-210', 4),
(42, 'sinnoh-route-211', 4),
(43, 'sinnoh-route-212', 4),
(44, 'sinnoh-route-213', 4),
(45, 'sinnoh-route-214', 4),
(46, 'sinnoh-route-215', 4),
(47, 'sinnoh-route-216', 4),
(48, 'sinnoh-route-217', 4),
(49, 'sinnoh-route-218', 4),
(50, 'sinnoh-route-219', 4),
(51, 'sinnoh-route-221', 4),
(52, 'sinnoh-route-222', 4),
(53, 'sinnoh-route-224', 4),
(54, 'sinnoh-route-225', 4),
(55, 'sinnoh-route-227', 4),
(56, 'sinnoh-route-228', 4),
(57, 'sinnoh-route-229', 4),
(58, 'twinleaf-town', 4),
(59, 'celestic-town', 4),
(60, 'resort-area', 4),
(61, 'sinnoh-sea-route-220', 4),
(62, 'sinnoh-sea-route-223', 4),
(63, 'sinnoh-sea-route-226', 4),
(64, 'sinnoh-sea-route-230', 4),
(65, 'blackthorn-city', 2),
(66, 'burned-tower', 2),
(67, 'celadon-city', 1),
(68, 'cerulean-city', 1),
(69, 'cherrygrove-city', 2),
(70, 'cianwood-city', 2),
(71, 'cinnabar-island', 1),
(72, 'dark-cave', 2),
(73, 'digletts-cave', 1),
(74, 'dragons-den', 2),
(75, 'ecruteak-city', 2),
(76, 'fuchsia-city', 1),
(77, 'ice-path', 2),
(78, 'ilex-forest', 2),
(79, 'lake-of-rage', 2),
(80, 'mt-moon', 1),
(81, 'mt-mortar', 2),
(82, 'mt-silver', 2),
(83, 'national-park', 2),
(84, 'new-bark-town', 2),
(85, 'olivine-city', 2),
(86, 'pallet-town', 1),
(87, 'rock-tunnel', 1),
(88, 'kanto-route-1', 1),
(89, 'kanto-route-10', 1),
(90, 'kanto-route-11', 1),
(91, 'kanto-route-12', 1),
(92, 'kanto-route-13', 1),
(93, 'kanto-route-14', 1),
(94, 'kanto-route-15', 1),
(95, 'kanto-route-16', 1),
(96, 'kanto-route-17', 1),
(97, 'kanto-route-18', 1),
(98, 'kanto-sea-route-19', 1),
(99, 'kanto-route-2', 1),
(100, 'kanto-sea-route-20', 1),
(101, 'kanto-sea-route-21', 1),
(102, 'kanto-route-22', 1),
(103, 'kanto-route-24', 1),
(104, 'kanto-route-25', 1),
(105, 'kanto-route-26', 1),
(106, 'kanto-route-27', 1),
(107, 'kanto-route-28', 1),
(108, 'johto-route-29', 2),
(109, 'kanto-route-3', 1),
(110, 'johto-route-30', 2),
(111, 'johto-route-31', 2),
(112, 'johto-route-32', 2),
(113, 'johto-route-33', 2),
(114, 'johto-route-34', 2),
(115, 'johto-route-35', 2),
(116, 'johto-route-36', 2),
(117, 'johto-route-37', 2),
(118, 'johto-route-38', 2),
(119, 'johto-route-39', 2),
(120, 'kanto-route-4', 1),
(121, 'johto-sea-route-40', 2),
(122, 'johto-sea-route-41', 2),
(123, 'johto-route-42', 2),
(124, 'johto-route-43', 2),
(125, 'johto-route-44', 2),
(126, 'johto-route-45', 2),
(127, 'johto-route-46', 2),
(128, 'johto-route-47', 2),
(129, 'johto-route-48', 2),
(130, 'kanto-route-5', 1),
(131, 'kanto-route-6', 1),
(132, 'kanto-route-7', 1),
(133, 'kanto-route-8', 1),
(134, 'kanto-route-9', 1),
(135, 'ruins-of-alph', 2),
(136, 'seafoam-islands', 1),
(137, 'slowpoke-well', 2),
(138, 'sprout-tower', 2),
(139, 'bell-tower', 2),
(140, 'tohjo-falls', 2),
(141, 'union-cave', 2),
(147, 'cerulean-cave', 1),
(148, 'unknown-all-poliwag', 2),
(149, 'unknown-all-rattata', 2),
(150, 'unknown-all-bugs', 2),
(151, 'vermilion-city', 1),
(152, 'kanto-victory-road-1', 1),
(153, 'violet-city', 2),
(154, 'viridian-city', 1),
(155, 'viridian-forest', 1),
(156, 'whirl-islands', 2),
(157, 'kanto-route-23', 1),
(158, 'power-plant', 1),
(159, 'kanto-victory-road-2', 1),
(160, 'pokemon-tower', 1),
(161, 'pokemon-mansion', 1),
(162, 'kanto-safari-zone', 1),
(163, 'sandgem-town', 4),
(164, 'floaroma-town', 4),
(165, 'solaceon-town', 4),
(167, 'jubilife-city', 4),
(168, 'oreburgh-city', 4),
(169, 'hearthome-city', 4),
(170, 'veilstone-city', 4),
(171, 'snowpoint-city', 4),
(172, 'spear-pillar', 4),
(173, 'pal-park', 4),
(174, 'amity-square', 4),
(175, 'floaroma-meadow', 4),
(177, 'fullmoon-island', 4),
(178, 'sendoff-spring', 4),
(179, 'flower-paradise', 4),
(180, 'maniac-tunnel', 4),
(181, 'galactic-hq', 4),
(182, 'verity-lakefront', 4),
(183, 'newmoon-island', 4),
(184, 'sinnoh-battle-tower', 4),
(185, 'fight-area', 4),
(186, 'survival-area', 4),
(187, 'seabreak-path', 4),
(188, 'sinnoh-hall-of-origin-1', 4),
(189, 'sinnoh-hall-of-origin-2', 4),
(190, 'verity-cavern', 4),
(191, 'valor-cavern', 4),
(192, 'acuity-cavern', 4),
(193, 'jubilife-tv', 4),
(194, 'poketch-co', 4),
(195, 'gts', 4),
(196, 'trainers-school', 4),
(197, 'mining-museum', 4),
(198, 'sinnoh-flower-shop', 4),
(199, 'sinnoh-cycle-shop', 4),
(200, 'contest-hall', 4),
(201, 'poffin-house', 4),
(202, 'sinnoh-foreign-building', 4),
(203, 'pokemon-day-care', 4),
(204, 'veilstone-store', 4),
(205, 'sinnoh-game-corner', 4),
(206, 'canalave-library', 4),
(207, 'vista-lighthouse', 4),
(208, 'sunyshore-market', 4),
(209, 'footstep-house', 4),
(210, 'sinnoh-cafe', 4),
(211, 'grand-lake', 4),
(212, 'sinnoh-restaurant', 4),
(213, 'battle-park', 4),
(214, 'battle-frontier', 4),
(215, 'battle-factory', 4),
(216, 'battle-castle', 4),
(217, 'battle-arcade', 4),
(218, 'battle-hall', 4),
(219, 'distortion-world', 4),
(220, 'sinnoh-global-terminal', 4),
(221, 'sinnoh-villa', 4),
(222, 'battleground', 4),
(223, 'rotoms-room', 4),
(224, 'tg-eterna-bldg', 4),
(225, 'iron-ruins', 4),
(226, 'iceberg-ruins', 4),
(227, 'rock-peak-ruins', 4),
(228, 'azalea-town', 2),
(229, 'goldenrod-city', 2),
(230, 'mahogany-town', 2),
(231, 'pewter-city', 1),
(232, 'lavender-town', 1),
(233, 'indigo-plateau', 1),
(234, 'saffron-city', 1),
(236, 'johto-lighthouse', 2),
(237, 'team-rocket-hq', 2),
(238, 'goldenrod-tunnel', 2),
(239, 'mt-silver-cave', 2),
(241, 'pokeathlon-dome', 2),
(242, 'ss-aqua', 2),
(243, 'safari-zone-gate', 2),
(244, 'cliff-cave', 2),
(245, 'frontier-access', 2),
(246, 'bellchime-trail', 2),
(247, 'sinjoh-ruins', 2),
(248, 'embedded-tower', 2),
(249, 'pokewalker', 2),
(250, 'cliff-edge-gate', 2),
(252, 'radio-tower', 2),
(253, 'unova-mystery-zone', 5),
(254, 'unova-faraway-place', 5),
(255, 'nuvema-town', 5),
(256, 'accumula-town', 5),
(257, 'striaton-city', 5),
(258, 'nacrene-city', 5),
(259, 'castelia-city', 5),
(260, 'nimbasa-city', 5),
(261, 'driftveil-city', 5),
(262, 'mistralton-city', 5),
(263, 'icirrus-city', 5),
(264, 'opelucid-city', 5),
(265, 'unova-route-1', 5),
(266, 'unova-route-2', 5),
(267, 'unova-route-3', 5),
(268, 'unova-route-4', 5),
(269, 'unova-route-5', 5),
(270, 'unova-route-6', 5),
(271, 'unova-route-7', 5),
(272, 'unova-route-8', 5),
(273, 'unova-route-9', 5),
(274, 'unova-route-10', 5),
(275, 'unova-route-11', 5),
(276, 'unova-route-12', 5),
(277, 'unova-route-13', 5),
(278, 'unova-route-14', 5),
(279, 'unova-route-15', 5),
(280, 'unova-route-16', 5),
(281, 'unova-route-17', 5),
(282, 'unova-route-18', 5),
(283, 'dreamyard', 5),
(284, 'pinwheel-forest', 5),
(285, 'desert-resort', 5),
(286, 'relic-castle', 5),
(287, 'cold-storage', 5),
(288, 'chargestone-cave', 5),
(289, 'twist-mountain', 5),
(290, 'dragonspiral-tower', 5),
(291, 'unova-victory-road', 5),
(292, 'lacunosa-town', 5),
(293, 'undella-town', 5),
(294, 'anville-town', 5),
(295, 'unova-pokemon-league', 5),
(296, 'ns-castle', 5),
(297, 'royal-unova', 5),
(298, 'gear-station', 5),
(299, 'battle-subway', 5),
(300, 'musical-theater', 5),
(301, 'black-city', 5),
(302, 'white-forest', 5),
(303, 'unity-tower', 5),
(304, 'wellspring-cave', 5),
(305, 'mistralton-cave', 5),
(306, 'rumination-field', 5),
(307, 'celestial-tower', 5),
(308, 'moor-of-icirrus', 5),
(309, 'unova-shopping-mall', 5),
(310, 'challengers-cave', 5),
(311, 'poke-transfer-lab', 5),
(312, 'giant-chasm', 5),
(313, 'liberty-garden', 5),
(314, 'p2-laboratory', 5),
(315, 'skyarrow-bridge', 5),
(316, 'driftveil-drawbridge', 5),
(317, 'tubeline-bridge', 5),
(318, 'village-bridge', 5),
(319, 'marvelous-bridge', 5),
(320, 'entralink', 5),
(321, 'abundant-shrine', 5),
(322, 'undella-bay', 5),
(323, 'lostlorn-forest', 5),
(324, 'trial-chamber', 5),
(325, 'guidance-chamber', 5),
(326, 'entree-forest', 5),
(327, 'accumula-gate', 5),
(328, 'undella-gate', 5),
(329, 'nacrene-gate', 5),
(330, 'castelia-gate', 5),
(331, 'nimbasa-gate', 5),
(332, 'opelucid-gate', 5),
(333, 'black-gate', 5),
(334, 'white-gate', 5),
(335, 'bridge-gate', 5),
(336, 'route-gate', 5),
(337, 'abyssal-ruins', 5),
(338, 'petalburg-city', 3),
(339, 'slateport-city', 3),
(340, 'lilycove-city', 3),
(341, 'mossdeep-city', 3),
(342, 'sootopolis-city', 3),
(343, 'ever-grande-city', 3),
(344, 'meteor-falls', 3),
(345, 'rusturf-tunnel', 3),
(346, 'granite-cave', 3),
(347, 'petalburg-woods', 3),
(348, 'jagged-pass', 3),
(349, 'fiery-path', 3),
(350, 'mt-pyre', 3),
(351, 'seafloor-cavern', 3),
(352, 'cave-of-origin', 3),
(353, 'hoenn-victory-road', 3),
(354, 'shoal-cave', 3),
(355, 'new-mauville', 3),
(356, 'abandoned-ship', 3),
(357, 'sky-pillar', 3),
(358, 'hoenn-route-101', 3),
(359, 'hoenn-route-102', 3),
(360, 'hoenn-route-103', 3),
(361, 'hoenn-route-104', 3),
(362, 'hoenn-route-105', 3),
(363, 'hoenn-route-106', 3),
(364, 'hoenn-route-107', 3),
(365, 'hoenn-route-108', 3),
(366, 'hoenn-route-109', 3),
(367, 'hoenn-route-110', 3),
(368, 'hoenn-route-111', 3),
(369, 'hoenn-route-112', 3),
(370, 'hoenn-route-113', 3),
(371, 'hoenn-route-114', 3),
(372, 'hoenn-route-115', 3),
(373, 'hoenn-route-116', 3),
(374, 'hoenn-route-117', 3),
(375, 'hoenn-route-118', 3),
(376, 'hoenn-route-119', 3),
(377, 'hoenn-route-120', 3),
(378, 'hoenn-route-121', 3),
(379, 'hoenn-route-122', 3),
(380, 'hoenn-route-123', 3),
(381, 'hoenn-route-124', 3),
(382, 'hoenn-route-125', 3),
(383, 'hoenn-route-126', 3),
(384, 'hoenn-route-127', 3),
(385, 'hoenn-route-128', 3),
(386, 'hoenn-route-129', 3),
(387, 'hoenn-route-130', 3),
(388, 'hoenn-route-131', 3),
(389, 'hoenn-route-132', 3),
(390, 'hoenn-route-133', 3),
(391, 'hoenn-route-134', 3),
(392, 'hoenn-safari-zone', 3),
(393, 'dewford-town', 3),
(394, 'pacifidlog-town', 3),
(395, 'magma-hideout', 3),
(396, 'mirage-tower', 3),
(397, 'desert-underpass', 3),
(398, 'artisan-cave', 3),
(399, 'hoenn-altering-cave', 3),
(400, 'monean-chamber', 1),
(401, 'liptoo-chamber', 1),
(402, 'weepth-chamber', 1),
(403, 'dilford-chamber', 1),
(404, 'scufib-chamber', 1),
(405, 'rixy-chamber', 1),
(406, 'viapos-chamber', 1),
(407, 'ss-anne', 1),
(408, 'mt-ember', 1),
(409, 'berry-forest', 1),
(410, 'icefall-cave', 1),
(411, 'pattern-bush', 1),
(412, 'lost-cave', 1),
(413, 'kindle-road', 1),
(414, 'treasure-beach', 1),
(415, 'cape-brink', 1),
(416, 'bond-bridge', 1),
(417, 'three-isle-port', 1),
(418, 'resort-gorgeous', 1),
(419, 'water-labyrinth', 1),
(420, 'five-isle-meadow', 1),
(421, 'memorial-pillar', 1),
(422, 'outcast-island', 1),
(423, 'green-path', 1),
(424, 'water-path', 1),
(425, 'ruin-valley', 1),
(426, 'trainer-tower', 1),
(427, 'canyon-entrance', 1),
(428, 'sevault-canyon', 1),
(429, 'tanoby-ruins', 1),
(430, 'one-island', 1),
(431, 'four-island', 1),
(432, 'five-island', 1),
(433, 'kanto-altering-cave', 1),
(434, 'aspertia-city', 5),
(435, 'virbank-city', 5),
(436, 'humilau-city', 5),
(437, 'pokestar-studios', 5),
(438, 'join-avenue', 5),
(439, 'floccesy-town', 5),
(440, 'lentimas-town', 5),
(441, 'unova-route-19', 5),
(442, 'unova-route-20', 5),
(443, 'unova-route-21', 5),
(444, 'unova-route-22', 5),
(445, 'unova-route-23', 5),
(446, 'castelia-sewers', 5),
(447, 'floccesy-ranch', 5),
(448, 'virbank-complex', 5),
(449, 'reversal-mountain', 5),
(450, 'strange-house', 5),
(451, 'unova-victory-road-2', 5),
(452, 'plasma-frigate', 5),
(453, 'relic-passage', 5),
(454, 'clay-tunnel', 5),
(455, 'white-treehollow', 5),
(456, 'black-tower', 5),
(457, 'seaside-cave', 5),
(458, 'cave-of-being', 5),
(459, 'hidden-grotto', 5),
(460, 'marine-tube', 5),
(461, 'virbank-gate', 5),
(462, 'aspertia-gate', 5),
(463, 'nature-sanctuary', 5),
(464, 'medal-secretariat', 5),
(465, 'underground-ruins', 5),
(466, 'rocky-mountain-room', 5),
(467, 'glacier-room', 5),
(468, 'iron-room', 5),
(469, 'pledge-grove', 5),
(470, 'littleroot-town', 3),
(471, 'oldale-town', 3),
(472, 'lavaridge-town', 3),
(473, 'fallarbor-town', 3),
(474, 'verdanturf-town', 3),
(475, 'mauville-city', 3),
(476, 'rustboro-city', 3),
(477, 'fortree-city', 3),
(478, 'underwater', 3),
(479, 'mt-chimney', 3),
(480, 'mirage-island', 3),
(481, 'southern-island', 3),
(482, 'sealed-chamber', 3),
(483, 'scorched-slab', 3),
(484, 'island-cave', 3),
(485, 'desert-ruins', 3),
(486, 'ancient-tomb', 3),
(487, 'inside-of-truck', 3),
(488, 'secret-base', 3),
(489, 'hoenn-battle-tower', 3),
(600, 'hoenn-pokemon-league', 3),
(601, 'team-aqua-hideout', 3),
(602, 'sea-mauville', 3),
(603, 'team-magma-hideout', 3),
(604, 'battle-resort', 3),
(605, 'ss-tidal', 3),
(606, 'mirage-forest', 3),
(607, 'mirage-cave', 3),
(608, 'mirage-mountain', 3),
(609, 'trackless-forest', 3),
(610, 'pathless-plain', 3),
(611, 'nameless-cavern', 3),
(612, 'fabled-cave', 3),
(613, 'gnarled-den', 3),
(614, 'crescent-isle', 3),
(615, 'secret-islet', 3),
(616, 'soaring-in-the-sky', 3),
(617, 'secret-shore', 3),
(618, 'secret-meadow', 3),
(708, 'roaming-kanto', 1),
(709, 'roaming-johto', 2),
(710, 'roaming-hoenn', 3),
(711, 'roaming-sinnoh', 4),
(712, 'terra-cave', 3),
(713, 'marine-cave', 3),
(714, 'two-island', 1),
(715, 'three-island', 1),
(716, 'three-isle-path', 1),
(717, 'six-island', 1),
(718, 'seven-island', 1),
(719, 'birth-island', 1),
(720, 'navel-rock', 1),
(721, 'faraway-island', 3),
(722, 'hoenn-battle-frontier', 3),
(723, 'johto-safari-zone', 2);

-- --------------------------------------------------------

--
-- Estructura de tabla para la tabla `pokemon`
--

CREATE TABLE `pokemon` (
  `id` int(11) NOT NULL,
  `id_pokemon` int(11) NOT NULL,
  `name_pokemon` varchar(50) NOT NULL,
  `total` int(11) DEFAULT NULL,
  `hp` int(11) DEFAULT NULL,
  `attack` int(11) DEFAULT NULL,
  `defense` int(11) DEFAULT NULL,
  `special_attack` int(11) DEFAULT NULL,
  `special_defense` int(11) DEFAULT NULL,
  `speed` int(11) DEFAULT NULL,
  `generation_id` int(11) NOT NULL
) ENGINE=InnoDB DEFAULT CHARSET=utf8mb4 COLLATE=utf8mb4_general_ci;

--
-- Volcado de datos para la tabla `pokemon`
--

INSERT INTO `pokemon` (`id`, `id_pokemon`, `name_pokemon`, `total`, `hp`, `attack`, `defense`, `special_attack`, `special_defense`, `speed`, `generation_id`) VALUES
(1, 1, 'bulbasaur', 318, 45, 49, 49, 65, 65, 45, 1),
(2, 2, 'ivysaur', 405, 60, 62, 63, 80, 80, 60, 1),
(3, 3, 'venusaur', 525, 80, 82, 83, 100, 100, 80, 1),
(4, 4, 'charmander', 309, 39, 52, 43, 60, 50, 65, 1),
(5, 5, 'charmeleon', 405, 58, 64, 58, 80, 65, 80, 1),
(6, 6, 'charizard', 534, 78, 84, 78, 109, 85, 100, 1),
(7, 7, 'squirtle', 314, 44, 48, 65, 50, 64, 43, 1),
(8, 8, 'wartortle', 405, 59, 63, 80, 65, 80, 58, 1),
(9, 9, 'blastoise', 530, 79, 83, 100, 85, 105, 78, 1),
(10, 10, 'caterpie', 195, 45, 30, 35, 20, 20, 45, 1),
(11, 11, 'metapod', 205, 50, 20, 55, 25, 25, 30, 1),
(12, 12, 'butterfree', 395, 60, 45, 50, 90, 80, 70, 1),
(13, 13, 'weedle', 195, 40, 35, 30, 20, 20, 50, 1),
(14, 14, 'kakuna', 205, 45, 25, 50, 25, 25, 35, 1),
(15, 15, 'beedrill', 395, 65, 90, 40, 45, 80, 75, 1),
(16, 16, 'pidgey', 251, 40, 45, 40, 35, 35, 56, 1),
(17, 17, 'pidgeotto', 349, 63, 60, 55, 50, 50, 71, 1),
(18, 18, 'pidgeot', 479, 83, 80, 75, 70, 70, 101, 1),
(19, 19, 'rattata', 253, 30, 56, 35, 25, 35, 72, 1),
(20, 20, 'raticate', 413, 55, 81, 60, 50, 70, 97, 1),
(21, 21, 'spearow', 262, 40, 60, 30, 31, 31, 70, 1),
(22, 22, 'fearow', 442, 65, 90, 65, 61, 61, 100, 1),
(23, 23, 'ekans', 288, 35, 60, 44, 40, 54, 55, 1),
(24, 24, 'arbok', 448, 60, 95, 69, 65, 79, 80, 1),
(25, 25, 'pikachu', 320, 35, 55, 40, 50, 50, 90, 1),
(26, 26, 'raichu', 485, 60, 90, 55, 90, 80, 110, 1),
(27, 27, 'sandshrew', 300, 50, 75, 85, 20, 30, 40, 1),
(28, 28, 'sandslash', 450, 75, 100, 110, 45, 55, 65, 1),
(29, 29, 'nidoran-f', 275, 55, 47, 52, 40, 40, 41, 1),
(30, 30, 'nidorina', 365, 70, 62, 67, 55, 55, 56, 1),
(31, 31, 'nidoqueen', 505, 90, 92, 87, 75, 85, 76, 1),
(32, 32, 'nidoran-m', 273, 46, 57, 40, 40, 40, 50, 1),
(33, 33, 'nidorino', 365, 61, 72, 57, 55, 55, 65, 1),
(34, 34, 'nidoking', 505, 81, 102, 77, 85, 75, 85, 1),
(35, 35, 'clefairy', 323, 70, 45, 48, 60, 65, 35, 1),
(36, 36, 'clefable', 483, 95, 70, 73, 95, 90, 60, 1),
(37, 37, 'vulpix', 299, 38, 41, 40, 50, 65, 65, 1),
(38, 38, 'ninetales', 505, 73, 76, 75, 81, 100, 100, 1),
(39, 39, 'jigglypuff', 270, 115, 45, 20, 45, 25, 20, 1),
(40, 40, 'wigglytuff', 435, 140, 70, 45, 85, 50, 45, 1),
(41, 41, 'zubat', 245, 40, 45, 35, 30, 40, 55, 1),
(42, 42, 'golbat', 455, 75, 80, 70, 65, 75, 90, 1),
(43, 43, 'oddish', 320, 45, 50, 55, 75, 65, 30, 1),
(44, 44, 'gloom', 395, 60, 65, 70, 85, 75, 40, 1),
(45, 45, 'vileplume', 490, 75, 80, 85, 110, 90, 50, 1),
(46, 46, 'paras', 285, 35, 70, 55, 45, 55, 25, 1),
(47, 47, 'parasect', 405, 60, 95, 80, 60, 80, 30, 1),
(48, 48, 'venonat', 305, 60, 55, 50, 40, 55, 45, 1),
(49, 49, 'venomoth', 450, 70, 65, 60, 90, 75, 90, 1),
(50, 50, 'diglett', 265, 10, 55, 25, 35, 45, 95, 1),
(51, 51, 'dugtrio', 425, 35, 100, 50, 50, 70, 120, 1),
(52, 52, 'meowth', 290, 40, 45, 35, 40, 40, 90, 1),
(53, 53, 'persian', 440, 65, 70, 60, 65, 65, 115, 1),
(54, 54, 'psyduck', 320, 50, 52, 48, 65, 50, 55, 1),
(55, 55, 'golduck', 500, 80, 82, 78, 95, 80, 85, 1),
(56, 56, 'mankey', 305, 40, 80, 35, 35, 45, 70, 1),
(57, 57, 'primeape', 455, 65, 105, 60, 60, 70, 95, 1),
(58, 58, 'growlithe', 350, 55, 70, 45, 70, 50, 60, 1),
(59, 59, 'arcanine', 555, 90, 110, 80, 100, 80, 95, 1),
(60, 60, 'poliwag', 300, 40, 50, 40, 40, 40, 90, 1),
(61, 61, 'poliwhirl', 385, 65, 65, 65, 50, 50, 90, 1),
(62, 62, 'poliwrath', 510, 90, 95, 95, 70, 90, 70, 1),
(63, 63, 'abra', 310, 25, 20, 15, 105, 55, 90, 1),
(64, 64, 'kadabra', 400, 40, 35, 30, 120, 70, 105, 1),
(65, 65, 'alakazam', 500, 55, 50, 45, 135, 95, 120, 1),
(66, 66, 'machop', 305, 70, 80, 50, 35, 35, 35, 1),
(67, 67, 'machoke', 405, 80, 100, 70, 50, 60, 45, 1),
(68, 68, 'machamp', 505, 90, 130, 80, 65, 85, 55, 1),
(69, 69, 'bellsprout', 300, 50, 75, 35, 70, 30, 40, 1),
(70, 70, 'weepinbell', 390, 65, 90, 50, 85, 45, 55, 1),
(71, 71, 'victreebel', 490, 80, 105, 65, 100, 70, 70, 1),
(72, 72, 'tentacool', 335, 40, 40, 35, 50, 100, 70, 1),
(73, 73, 'tentacruel', 515, 80, 70, 65, 80, 120, 100, 1),
(74, 74, 'geodude', 300, 40, 80, 100, 30, 30, 20, 1),
(75, 75, 'graveler', 390, 55, 95, 115, 45, 45, 35, 1),
(76, 76, 'golem', 495, 80, 120, 130, 55, 65, 45, 1),
(77, 77, 'ponyta', 410, 50, 85, 55, 65, 65, 90, 1),
(78, 78, 'rapidash', 500, 65, 100, 70, 80, 80, 105, 1),
(79, 79, 'slowpoke', 315, 90, 65, 65, 40, 40, 15, 1),
(80, 80, 'slowbro', 490, 95, 75, 110, 100, 80, 30, 1),
(81, 81, 'magnemite', 325, 25, 35, 70, 95, 55, 45, 1),
(82, 82, 'magneton', 465, 50, 60, 95, 120, 70, 70, 1),
(83, 83, 'farfetchd', 377, 52, 90, 55, 58, 62, 60, 1),
(84, 84, 'doduo', 310, 35, 85, 45, 35, 35, 75, 1),
(85, 85, 'dodrio', 470, 60, 110, 70, 60, 60, 110, 1),
(86, 86, 'seel', 325, 65, 45, 55, 45, 70, 45, 1),
(87, 87, 'dewgong', 475, 90, 70, 80, 70, 95, 70, 1),
(88, 88, 'grimer', 325, 80, 80, 50, 40, 50, 25, 1),
(89, 89, 'muk', 500, 105, 105, 75, 65, 100, 50, 1),
(90, 90, 'shellder', 305, 30, 65, 100, 45, 25, 40, 1),
(91, 91, 'cloyster', 525, 50, 95, 180, 85, 45, 70, 1),
(92, 92, 'gastly', 310, 30, 35, 30, 100, 35, 80, 1),
(93, 93, 'haunter', 405, 45, 50, 45, 115, 55, 95, 1),
(94, 94, 'gengar', 500, 60, 65, 60, 130, 75, 110, 1),
(95, 95, 'onix', 385, 35, 45, 160, 30, 45, 70, 1),
(96, 96, 'drowzee', 328, 60, 48, 45, 43, 90, 42, 1),
(97, 97, 'hypno', 483, 85, 73, 70, 73, 115, 67, 1),
(98, 98, 'krabby', 325, 30, 105, 90, 25, 25, 50, 1),
(99, 99, 'kingler', 475, 55, 130, 115, 50, 50, 75, 1),
(100, 100, 'voltorb', 330, 40, 30, 50, 55, 55, 100, 1),
(101, 101, 'electrode', 490, 60, 50, 70, 80, 80, 150, 1),
(102, 102, 'exeggcute', 325, 60, 40, 80, 60, 45, 40, 1),
(103, 103, 'exeggutor', 530, 95, 95, 85, 125, 75, 55, 1),
(104, 104, 'cubone', 320, 50, 50, 95, 40, 50, 35, 1),
(105, 105, 'marowak', 425, 60, 80, 110, 50, 80, 45, 1),
(106, 106, 'hitmonlee', 455, 50, 120, 53, 35, 110, 87, 1),
(107, 107, 'hitmonchan', 455, 50, 105, 79, 35, 110, 76, 1),
(108, 108, 'lickitung', 385, 90, 55, 75, 60, 75, 30, 1),
(109, 109, 'koffing', 340, 40, 65, 95, 60, 45, 35, 1),
(110, 110, 'weezing', 490, 65, 90, 120, 85, 70, 60, 1),
(111, 111, 'rhyhorn', 345, 80, 85, 95, 30, 30, 25, 1),
(112, 112, 'rhydon', 485, 105, 130, 120, 45, 45, 40, 1),
(113, 113, 'chansey', 450, 250, 5, 5, 35, 105, 50, 1),
(114, 114, 'tangela', 435, 65, 55, 115, 100, 40, 60, 1),
(115, 115, 'kangaskhan', 490, 105, 95, 80, 40, 80, 90, 1),
(116, 116, 'horsea', 295, 30, 40, 70, 70, 25, 60, 1),
(117, 117, 'seadra', 440, 55, 65, 95, 95, 45, 85, 1),
(118, 118, 'goldeen', 320, 45, 67, 60, 35, 50, 63, 1),
(119, 119, 'seaking', 450, 80, 92, 65, 65, 80, 68, 1),
(120, 120, 'staryu', 340, 30, 45, 55, 70, 55, 85, 1),
(121, 121, 'starmie', 520, 60, 75, 85, 100, 85, 115, 1),
(122, 122, 'mr-mime', 460, 40, 45, 65, 100, 120, 90, 1),
(123, 123, 'scyther', 500, 70, 110, 80, 55, 80, 105, 1),
(124, 124, 'jynx', 455, 65, 50, 35, 115, 95, 95, 1),
(125, 125, 'electabuzz', 490, 65, 83, 57, 95, 85, 105, 1),
(126, 126, 'magmar', 495, 65, 95, 57, 100, 85, 93, 1),
(127, 127, 'pinsir', 500, 65, 125, 100, 55, 70, 85, 1),
(128, 128, 'tauros', 490, 75, 100, 95, 40, 70, 110, 1),
(129, 129, 'magikarp', 200, 20, 10, 55, 15, 20, 80, 1),
(130, 130, 'gyarados', 540, 95, 125, 79, 60, 100, 81, 1),
(131, 131, 'lapras', 535, 130, 85, 80, 85, 95, 60, 1),
(132, 132, 'ditto', 288, 48, 48, 48, 48, 48, 48, 1),
(133, 133, 'eevee', 325, 55, 55, 50, 45, 65, 55, 1),
(134, 134, 'vaporeon', 525, 130, 65, 60, 110, 95, 65, 1),
(135, 135, 'jolteon', 525, 65, 65, 60, 110, 95, 130, 1),
(136, 136, 'flareon', 525, 65, 130, 60, 95, 110, 65, 1),
(137, 137, 'porygon', 395, 65, 60, 70, 85, 75, 40, 1),
(138, 138, 'omanyte', 355, 35, 40, 100, 90, 55, 35, 1),
(139, 139, 'omastar', 495, 70, 60, 125, 115, 70, 55, 1),
(140, 140, 'kabuto', 355, 30, 80, 90, 55, 45, 55, 1),
(141, 141, 'kabutops', 495, 60, 115, 105, 65, 70, 80, 1),
(142, 142, 'aerodactyl', 515, 80, 105, 65, 60, 75, 130, 1),
(143, 143, 'snorlax', 540, 160, 110, 65, 65, 110, 30, 1),
(144, 144, 'articuno', 580, 90, 85, 100, 95, 125, 85, 1),
(145, 145, 'zapdos', 580, 90, 90, 85, 125, 90, 100, 1),
(146, 146, 'moltres', 580, 90, 100, 90, 125, 85, 90, 1),
(147, 147, 'dratini', 300, 41, 64, 45, 50, 50, 50, 1),
(148, 148, 'dragonair', 420, 61, 84, 65, 70, 70, 70, 1),
(149, 149, 'dragonite', 600, 91, 134, 95, 100, 100, 80, 1),
(150, 150, 'mewtwo', 680, 106, 110, 90, 154, 90, 130, 1),
(151, 151, 'mew', 600, 100, 100, 100, 100, 100, 100, 1),
(152, 152, 'chikorita', 318, 45, 49, 65, 49, 65, 45, 2),
(153, 153, 'bayleef', 405, 60, 62, 80, 63, 80, 60, 2),
(154, 154, 'meganium', 525, 80, 82, 100, 83, 100, 80, 2),
(155, 155, 'cyndaquil', 309, 39, 52, 43, 60, 50, 65, 2),
(156, 156, 'quilava', 405, 58, 64, 58, 80, 65, 80, 2),
(157, 157, 'typhlosion', 534, 78, 84, 78, 109, 85, 100, 2),
(158, 158, 'totodile', 314, 50, 65, 64, 44, 48, 43, 2),
(159, 159, 'croconaw', 405, 65, 80, 80, 59, 63, 58, 2),
(160, 160, 'feraligatr', 530, 85, 105, 100, 79, 83, 78, 2),
(161, 161, 'sentret', 215, 35, 46, 34, 35, 45, 20, 2),
(162, 162, 'furret', 415, 85, 76, 64, 45, 55, 90, 2),
(163, 163, 'hoothoot', 262, 60, 30, 30, 36, 56, 50, 2),
(164, 164, 'noctowl', 452, 100, 50, 50, 86, 96, 70, 2),
(165, 165, 'ledyba', 265, 40, 20, 30, 40, 80, 55, 2),
(166, 166, 'ledian', 390, 55, 35, 50, 55, 110, 85, 2),
(167, 167, 'spinarak', 250, 40, 60, 40, 40, 40, 30, 2),
(168, 168, 'ariados', 400, 70, 90, 70, 60, 70, 40, 2),
(169, 169, 'crobat', 535, 85, 90, 80, 70, 80, 130, 2),
(170, 170, 'chinchou', 330, 75, 38, 38, 56, 56, 67, 2),
(171, 171, 'lanturn', 460, 125, 58, 58, 76, 76, 67, 2),
(172, 172, 'pichu', 205, 20, 40, 15, 35, 35, 60, 2),
(173, 173, 'cleffa', 218, 50, 25, 28, 45, 55, 15, 2),
(174, 174, 'igglybuff', 210, 90, 30, 15, 40, 20, 15, 2),
(175, 175, 'togepi', 245, 35, 20, 65, 40, 65, 20, 2),
(176, 176, 'togetic', 405, 55, 40, 85, 80, 105, 40, 2),
(177, 177, 'natu', 320, 40, 50, 45, 70, 45, 70, 2),
(178, 178, 'xatu', 470, 65, 75, 70, 95, 70, 95, 2),
(179, 179, 'mareep', 280, 55, 40, 40, 65, 45, 35, 2),
(180, 180, 'flaaffy', 365, 70, 55, 55, 80, 60, 45, 2),
(181, 181, 'ampharos', 510, 90, 75, 85, 115, 90, 55, 2),
(182, 182, 'bellossom', 490, 75, 80, 95, 90, 100, 50, 2),
(183, 183, 'marill', 250, 70, 20, 50, 20, 50, 40, 2),
(184, 184, 'azumarill', 420, 100, 50, 80, 60, 80, 50, 2),
(185, 185, 'sudowoodo', 410, 70, 100, 115, 30, 65, 30, 2),
(186, 186, 'politoed', 500, 90, 75, 75, 90, 100, 70, 2),
(187, 187, 'hoppip', 250, 35, 35, 40, 35, 55, 50, 2),
(188, 188, 'skiploom', 340, 55, 45, 50, 45, 65, 80, 2),
(189, 189, 'jumpluff', 460, 75, 55, 70, 55, 95, 110, 2),
(190, 190, 'aipom', 360, 55, 70, 55, 40, 55, 85, 2),
(191, 191, 'sunkern', 180, 30, 30, 30, 30, 30, 30, 2),
(192, 192, 'sunflora', 425, 75, 75, 55, 105, 85, 30, 2),
(193, 193, 'yanma', 390, 65, 65, 45, 75, 45, 95, 2),
(194, 194, 'wooper', 210, 55, 45, 45, 25, 25, 15, 2),
(195, 195, 'quagsire', 430, 95, 85, 85, 65, 65, 35, 2),
(196, 196, 'espeon', 525, 65, 65, 60, 130, 95, 110, 2),
(197, 197, 'umbreon', 525, 95, 65, 110, 60, 130, 65, 2),
(198, 198, 'murkrow', 405, 60, 85, 42, 85, 42, 91, 2),
(199, 199, 'slowking', 490, 95, 75, 80, 100, 110, 30, 2),
(200, 200, 'misdreavus', 435, 60, 60, 60, 85, 85, 85, 2),
(201, 201, 'unown', 336, 48, 72, 48, 72, 48, 48, 2),
(202, 202, 'wobbuffet', 405, 190, 33, 58, 33, 58, 33, 2),
(203, 203, 'girafarig', 455, 70, 80, 65, 90, 65, 85, 2),
(204, 204, 'pineco', 290, 50, 65, 90, 35, 35, 15, 2),
(205, 205, 'forretress', 465, 75, 90, 140, 60, 60, 40, 2),
(206, 206, 'dunsparce', 415, 100, 70, 70, 65, 65, 45, 2),
(207, 207, 'gligar', 430, 65, 75, 105, 35, 65, 85, 2),
(208, 208, 'steelix', 510, 75, 85, 200, 55, 65, 30, 2),
(209, 209, 'snubbull', 300, 60, 80, 50, 40, 40, 30, 2),
(210, 210, 'granbull', 450, 90, 120, 75, 60, 60, 45, 2),
(211, 211, 'qwilfish', 440, 65, 95, 85, 55, 55, 85, 2),
(212, 212, 'scizor', 500, 70, 130, 100, 55, 80, 65, 2),
(213, 213, 'shuckle', 505, 20, 10, 230, 10, 230, 5, 2),
(214, 214, 'heracross', 500, 80, 125, 75, 40, 95, 85, 2),
(215, 215, 'sneasel', 430, 55, 95, 55, 35, 75, 115, 2),
(216, 216, 'teddiursa', 330, 60, 80, 50, 50, 50, 40, 2),
(217, 217, 'ursaring', 500, 90, 130, 75, 75, 75, 55, 2),
(218, 218, 'slugma', 250, 40, 40, 40, 70, 40, 20, 2),
(219, 219, 'magcargo', 430, 60, 50, 120, 90, 80, 30, 2),
(220, 220, 'swinub', 250, 50, 50, 40, 30, 30, 50, 2),
(221, 221, 'piloswine', 450, 100, 100, 80, 60, 60, 50, 2),
(222, 222, 'corsola', 410, 65, 55, 95, 65, 95, 35, 2),
(223, 223, 'remoraid', 300, 35, 65, 35, 65, 35, 65, 2),
(224, 224, 'octillery', 480, 75, 105, 75, 105, 75, 45, 2),
(225, 225, 'delibird', 330, 45, 55, 45, 65, 45, 75, 2),
(226, 226, 'mantine', 485, 85, 40, 70, 80, 140, 70, 2),
(227, 227, 'skarmory', 465, 65, 80, 140, 40, 70, 70, 2),
(228, 228, 'houndour', 330, 45, 60, 30, 80, 50, 65, 2),
(229, 229, 'houndoom', 500, 75, 90, 50, 110, 80, 95, 2),
(230, 230, 'kingdra', 540, 75, 95, 95, 95, 95, 85, 2),
(231, 231, 'phanpy', 330, 90, 60, 60, 40, 40, 40, 2),
(232, 232, 'donphan', 500, 90, 120, 120, 60, 60, 50, 2),
(233, 233, 'porygon2', 515, 85, 80, 90, 105, 95, 60, 2),
(234, 234, 'stantler', 465, 73, 95, 62, 85, 65, 85, 2),
(235, 235, 'smeargle', 250, 55, 20, 35, 20, 45, 75, 2),
(236, 236, 'tyrogue', 210, 35, 35, 35, 35, 35, 35, 2),
(237, 237, 'hitmontop', 455, 50, 95, 95, 35, 110, 70, 2),
(238, 238, 'smoochum', 305, 45, 30, 15, 85, 65, 65, 2),
(239, 239, 'elekid', 360, 45, 63, 37, 65, 55, 95, 2),
(240, 240, 'magby', 365, 45, 75, 37, 70, 55, 83, 2),
(241, 241, 'miltank', 490, 95, 80, 105, 40, 70, 100, 2),
(242, 242, 'blissey', 540, 255, 10, 10, 75, 135, 55, 2),
(243, 243, 'raikou', 580, 90, 85, 75, 115, 100, 115, 2),
(244, 244, 'entei', 580, 115, 115, 85, 90, 75, 100, 2),
(245, 245, 'suicune', 580, 100, 75, 115, 90, 115, 85, 2),
(246, 246, 'larvitar', 300, 50, 64, 50, 45, 50, 41, 2),
(247, 247, 'pupitar', 410, 70, 84, 70, 65, 70, 51, 2),
(248, 248, 'tyranitar', 600, 100, 134, 110, 95, 100, 61, 2),
(249, 249, 'lugia', 680, 106, 90, 130, 90, 154, 110, 2),
(250, 250, 'ho-oh', 680, 106, 130, 90, 110, 154, 90, 2),
(251, 251, 'celebi', 600, 100, 100, 100, 100, 100, 100, 2),
(252, 252, 'treecko', 310, 40, 45, 35, 65, 55, 70, 3),
(253, 253, 'grovyle', 405, 50, 65, 45, 85, 65, 95, 3),
(254, 254, 'sceptile', 530, 70, 85, 65, 105, 85, 120, 3),
(255, 255, 'torchic', 310, 45, 60, 40, 70, 50, 45, 3),
(256, 256, 'combusken', 405, 60, 85, 60, 85, 60, 55, 3),
(257, 257, 'blaziken', 530, 80, 120, 70, 110, 70, 80, 3),
(258, 258, 'mudkip', 310, 50, 70, 50, 50, 50, 40, 3),
(259, 259, 'marshtomp', 405, 70, 85, 70, 60, 70, 50, 3),
(260, 260, 'swampert', 535, 100, 110, 90, 85, 90, 60, 3),
(261, 261, 'poochyena', 220, 35, 55, 35, 30, 30, 35, 3),
(262, 262, 'mightyena', 420, 70, 90, 70, 60, 60, 70, 3),
(263, 263, 'zigzagoon', 240, 38, 30, 41, 30, 41, 60, 3),
(264, 264, 'linoone', 420, 78, 70, 61, 50, 61, 100, 3),
(265, 265, 'wurmple', 195, 45, 45, 35, 20, 30, 20, 3),
(266, 266, 'silcoon', 205, 50, 35, 55, 25, 25, 15, 3),
(267, 267, 'beautifly', 395, 60, 70, 50, 100, 50, 65, 3),
(268, 268, 'cascoon', 205, 50, 35, 55, 25, 25, 15, 3),
(269, 269, 'dustox', 385, 60, 50, 70, 50, 90, 65, 3),
(270, 270, 'lotad', 220, 40, 30, 30, 40, 50, 30, 3),
(271, 271, 'lombre', 340, 60, 50, 50, 60, 70, 50, 3),
(272, 272, 'ludicolo', 480, 80, 70, 70, 90, 100, 70, 3),
(273, 273, 'seedot', 220, 40, 40, 50, 30, 30, 30, 3),
(274, 274, 'nuzleaf', 340, 70, 70, 40, 60, 40, 60, 3),
(275, 275, 'shiftry', 480, 90, 100, 60, 90, 60, 80, 3),
(276, 276, 'taillow', 270, 40, 55, 30, 30, 30, 85, 3),
(277, 277, 'swellow', 455, 60, 85, 60, 75, 50, 125, 3),
(278, 278, 'wingull', 270, 40, 30, 30, 55, 30, 85, 3),
(279, 279, 'pelipper', 440, 60, 50, 100, 95, 70, 65, 3),
(280, 280, 'ralts', 198, 28, 25, 25, 45, 35, 40, 3),
(281, 281, 'kirlia', 278, 38, 35, 35, 65, 55, 50, 3),
(282, 282, 'gardevoir', 518, 68, 65, 65, 125, 115, 80, 3),
(283, 283, 'surskit', 269, 40, 30, 32, 50, 52, 65, 3),
(284, 284, 'masquerain', 454, 70, 60, 62, 100, 82, 80, 3),
(285, 285, 'shroomish', 295, 60, 40, 60, 40, 60, 35, 3),
(286, 286, 'breloom', 460, 60, 130, 80, 60, 60, 70, 3),
(287, 287, 'slakoth', 280, 60, 60, 60, 35, 35, 30, 3),
(288, 288, 'vigoroth', 440, 80, 80, 80, 55, 55, 90, 3),
(289, 289, 'slaking', 670, 150, 160, 100, 95, 65, 100, 3),
(290, 290, 'nincada', 266, 31, 45, 90, 30, 30, 40, 3),
(291, 291, 'ninjask', 456, 61, 90, 45, 50, 50, 160, 3),
(292, 292, 'shedinja', 236, 1, 90, 45, 30, 30, 40, 3),
(293, 293, 'whismur', 240, 64, 51, 23, 51, 23, 28, 3),
(294, 294, 'loudred', 360, 84, 71, 43, 71, 43, 48, 3),
(295, 295, 'exploud', 490, 104, 91, 63, 91, 73, 68, 3),
(296, 296, 'makuhita', 237, 72, 60, 30, 20, 30, 25, 3),
(297, 297, 'hariyama', 474, 144, 120, 60, 40, 60, 50, 3),
(298, 298, 'azurill', 190, 50, 20, 40, 20, 40, 20, 3),
(299, 299, 'nosepass', 375, 30, 45, 135, 45, 90, 30, 3),
(300, 300, 'skitty', 260, 50, 45, 45, 35, 35, 50, 3),
(301, 301, 'delcatty', 400, 70, 65, 65, 55, 55, 90, 3),
(302, 302, 'sableye', 380, 50, 75, 75, 65, 65, 50, 3),
(303, 303, 'mawile', 380, 50, 85, 85, 55, 55, 50, 3),
(304, 304, 'aron', 330, 50, 70, 100, 40, 40, 30, 3),
(305, 305, 'lairon', 430, 60, 90, 140, 50, 50, 40, 3),
(306, 306, 'aggron', 530, 70, 110, 180, 60, 60, 50, 3),
(307, 307, 'meditite', 280, 30, 40, 55, 40, 55, 60, 3),
(308, 308, 'medicham', 410, 60, 60, 75, 60, 75, 80, 3),
(309, 309, 'electrike', 295, 40, 45, 40, 65, 40, 65, 3),
(310, 310, 'manectric', 475, 70, 75, 60, 105, 60, 105, 3),
(311, 311, 'plusle', 405, 60, 50, 40, 85, 75, 95, 3),
(312, 312, 'minun', 405, 60, 40, 50, 75, 85, 95, 3),
(313, 313, 'volbeat', 430, 65, 73, 75, 47, 85, 85, 3),
(314, 314, 'illumise', 430, 65, 47, 75, 73, 85, 85, 3),
(315, 315, 'roselia', 400, 50, 60, 45, 100, 80, 65, 3),
(316, 316, 'gulpin', 302, 70, 43, 53, 43, 53, 40, 3),
(317, 317, 'swalot', 467, 100, 73, 83, 73, 83, 55, 3),
(318, 318, 'carvanha', 305, 45, 90, 20, 65, 20, 65, 3),
(319, 319, 'sharpedo', 460, 70, 120, 40, 95, 40, 95, 3),
(320, 320, 'wailmer', 400, 130, 70, 35, 70, 35, 60, 3),
(321, 321, 'wailord', 500, 170, 90, 45, 90, 45, 60, 3),
(322, 322, 'numel', 305, 60, 60, 40, 65, 45, 35, 3),
(323, 323, 'camerupt', 460, 70, 100, 70, 105, 75, 40, 3),
(324, 324, 'torkoal', 470, 70, 85, 140, 85, 70, 20, 3),
(325, 325, 'spoink', 330, 60, 25, 35, 70, 80, 60, 3),
(326, 326, 'grumpig', 470, 80, 45, 65, 90, 110, 80, 3),
(327, 327, 'spinda', 360, 60, 60, 60, 60, 60, 60, 3),
(328, 328, 'trapinch', 290, 45, 100, 45, 45, 45, 10, 3),
(329, 329, 'vibrava', 340, 50, 70, 50, 50, 50, 70, 3),
(330, 330, 'flygon', 520, 80, 100, 80, 80, 80, 100, 3),
(331, 331, 'cacnea', 335, 50, 85, 40, 85, 40, 35, 3),
(332, 332, 'cacturne', 475, 70, 115, 60, 115, 60, 55, 3),
(333, 333, 'swablu', 310, 45, 40, 60, 40, 75, 50, 3),
(334, 334, 'altaria', 490, 75, 70, 90, 70, 105, 80, 3),
(335, 335, 'zangoose', 458, 73, 115, 60, 60, 60, 90, 3),
(336, 336, 'seviper', 458, 73, 100, 60, 100, 60, 65, 3),
(337, 337, 'lunatone', 460, 90, 55, 65, 95, 85, 70, 3),
(338, 338, 'solrock', 460, 90, 95, 85, 55, 65, 70, 3),
(339, 339, 'barboach', 288, 50, 48, 43, 46, 41, 60, 3),
(340, 340, 'whiscash', 468, 110, 78, 73, 76, 71, 60, 3),
(341, 341, 'corphish', 308, 43, 80, 65, 50, 35, 35, 3),
(342, 342, 'crawdaunt', 468, 63, 120, 85, 90, 55, 55, 3),
(343, 343, 'baltoy', 300, 40, 40, 55, 40, 70, 55, 3),
(344, 344, 'claydol', 500, 60, 70, 105, 70, 120, 75, 3),
(345, 345, 'lileep', 355, 66, 41, 77, 61, 87, 23, 3),
(346, 346, 'cradily', 495, 86, 81, 97, 81, 107, 43, 3),
(347, 347, 'anorith', 355, 45, 95, 50, 40, 50, 75, 3),
(348, 348, 'armaldo', 495, 75, 125, 100, 70, 80, 45, 3),
(349, 349, 'feebas', 200, 20, 15, 20, 10, 55, 80, 3),
(350, 350, 'milotic', 540, 95, 60, 79, 100, 125, 81, 3),
(351, 351, 'castform', 420, 70, 70, 70, 70, 70, 70, 3),
(352, 352, 'kecleon', 440, 60, 90, 70, 60, 120, 40, 3),
(353, 353, 'shuppet', 295, 44, 75, 35, 63, 33, 45, 3),
(354, 354, 'banette', 455, 64, 115, 65, 83, 63, 65, 3),
(355, 355, 'duskull', 295, 20, 40, 90, 30, 90, 25, 3),
(356, 356, 'dusclops', 455, 40, 70, 130, 60, 130, 25, 3),
(357, 357, 'tropius', 460, 99, 68, 83, 72, 87, 51, 3),
(358, 358, 'chimecho', 455, 75, 50, 80, 95, 90, 65, 3),
(359, 359, 'absol', 465, 65, 130, 60, 75, 60, 75, 3),
(360, 360, 'wynaut', 260, 95, 23, 48, 23, 48, 23, 3),
(361, 361, 'snorunt', 300, 50, 50, 50, 50, 50, 50, 3),
(362, 362, 'glalie', 480, 80, 80, 80, 80, 80, 80, 3),
(363, 363, 'spheal', 290, 70, 40, 50, 55, 50, 25, 3),
(364, 364, 'sealeo', 410, 90, 60, 70, 75, 70, 45, 3),
(365, 365, 'walrein', 530, 110, 80, 90, 95, 90, 65, 3),
(366, 366, 'clamperl', 345, 35, 64, 85, 74, 55, 32, 3),
(367, 367, 'huntail', 485, 55, 104, 105, 94, 75, 52, 3),
(368, 368, 'gorebyss', 485, 55, 84, 105, 114, 75, 52, 3),
(369, 369, 'relicanth', 485, 100, 90, 130, 45, 65, 55, 3),
(370, 370, 'luvdisc', 330, 43, 30, 55, 40, 65, 97, 3),
(371, 371, 'bagon', 300, 45, 75, 60, 40, 30, 50, 3),
(372, 372, 'shelgon', 420, 65, 95, 100, 60, 50, 50, 3),
(373, 373, 'salamence', 600, 95, 135, 80, 110, 80, 100, 3),
(374, 374, 'beldum', 300, 40, 55, 80, 35, 60, 30, 3),
(375, 375, 'metang', 420, 60, 75, 100, 55, 80, 50, 3),
(376, 376, 'metagross', 600, 80, 135, 130, 95, 90, 70, 3),
(377, 377, 'regirock', 580, 80, 100, 200, 50, 100, 50, 3),
(378, 378, 'regice', 580, 80, 50, 100, 100, 200, 50, 3),
(379, 379, 'registeel', 580, 80, 75, 150, 75, 150, 50, 3),
(380, 380, 'latias', 600, 80, 80, 90, 110, 130, 110, 3),
(381, 381, 'latios', 600, 80, 90, 80, 130, 110, 110, 3),
(382, 382, 'kyogre', 670, 100, 100, 90, 150, 140, 90, 3),
(383, 383, 'groudon', 670, 100, 150, 140, 100, 90, 90, 3),
(384, 384, 'rayquaza', 680, 105, 150, 90, 150, 90, 95, 3),
(385, 385, 'jirachi', 600, 100, 100, 100, 100, 100, 100, 3),
(386, 386, 'deoxys-normal', 600, 50, 150, 50, 150, 50, 150, 3),
(387, 387, 'turtwig', 318, 55, 68, 64, 45, 55, 31, 4),
(388, 388, 'grotle', 405, 75, 89, 85, 55, 65, 36, 4),
(389, 389, 'torterra', 525, 95, 109, 105, 75, 85, 56, 4),
(390, 390, 'chimchar', 309, 44, 58, 44, 58, 44, 61, 4),
(391, 391, 'monferno', 405, 64, 78, 52, 78, 52, 81, 4),
(392, 392, 'infernape', 534, 76, 104, 71, 104, 71, 108, 4),
(393, 393, 'piplup', 314, 53, 51, 53, 61, 56, 40, 4),
(394, 394, 'prinplup', 405, 64, 66, 68, 81, 76, 50, 4),
(395, 395, 'empoleon', 530, 84, 86, 88, 111, 101, 60, 4),
(396, 396, 'starly', 245, 40, 55, 30, 30, 30, 60, 4),
(397, 397, 'staravia', 340, 55, 75, 50, 40, 40, 80, 4),
(398, 398, 'staraptor', 485, 85, 120, 70, 50, 60, 100, 4),
(399, 399, 'bidoof', 250, 59, 45, 40, 35, 40, 31, 4),
(400, 400, 'bibarel', 410, 79, 85, 60, 55, 60, 71, 4),
(401, 401, 'kricketot', 194, 37, 25, 41, 25, 41, 25, 4),
(402, 402, 'kricketune', 384, 77, 85, 51, 55, 51, 65, 4),
(403, 403, 'shinx', 263, 45, 65, 34, 40, 34, 45, 4),
(404, 404, 'luxio', 363, 60, 85, 49, 60, 49, 60, 4),
(405, 405, 'luxray', 523, 80, 120, 79, 95, 79, 70, 4),
(406, 406, 'budew', 280, 40, 30, 35, 50, 70, 55, 4),
(407, 407, 'roserade', 515, 60, 70, 65, 125, 105, 90, 4),
(408, 408, 'cranidos', 350, 67, 125, 40, 30, 30, 58, 4),
(409, 409, 'rampardos', 495, 97, 165, 60, 65, 50, 58, 4),
(410, 410, 'shieldon', 350, 30, 42, 118, 42, 88, 30, 4),
(411, 411, 'bastiodon', 495, 60, 52, 168, 47, 138, 30, 4),
(412, 412, 'burmy', 224, 40, 29, 45, 29, 45, 36, 4),
(413, 413, 'wormadam-plant', 424, 60, 59, 85, 79, 105, 36, 4),
(414, 414, 'mothim', 424, 70, 94, 50, 94, 50, 66, 4),
(415, 415, 'combee', 244, 30, 30, 42, 30, 42, 70, 4),
(416, 416, 'vespiquen', 474, 70, 80, 102, 80, 102, 40, 4),
(417, 417, 'pachirisu', 405, 60, 45, 70, 45, 90, 95, 4),
(418, 418, 'buizel', 330, 55, 65, 35, 60, 30, 85, 4),
(419, 419, 'floatzel', 495, 85, 105, 55, 85, 50, 115, 4),
(420, 420, 'cherubi', 275, 45, 35, 45, 62, 53, 35, 4),
(421, 421, 'cherrim', 450, 70, 60, 70, 87, 78, 85, 4),
(422, 422, 'shellos', 325, 76, 48, 48, 57, 62, 34, 4),
(423, 423, 'gastrodon', 475, 111, 83, 68, 92, 82, 39, 4),
(424, 424, 'ambipom', 482, 75, 100, 66, 60, 66, 115, 4),
(425, 425, 'drifloon', 348, 90, 50, 34, 60, 44, 70, 4),
(426, 426, 'drifblim', 498, 150, 80, 44, 90, 54, 80, 4),
(427, 427, 'buneary', 350, 55, 66, 44, 44, 56, 85, 4),
(428, 428, 'lopunny', 480, 65, 76, 84, 54, 96, 105, 4),
(429, 429, 'mismagius', 495, 60, 60, 60, 105, 105, 105, 4),
(430, 430, 'honchkrow', 505, 100, 125, 52, 105, 52, 71, 4),
(431, 431, 'glameow', 310, 49, 55, 42, 42, 37, 85, 4),
(432, 432, 'purugly', 452, 71, 82, 64, 64, 59, 112, 4),
(433, 433, 'chingling', 285, 45, 30, 50, 65, 50, 45, 4),
(434, 434, 'stunky', 329, 63, 63, 47, 41, 41, 74, 4),
(435, 435, 'skuntank', 479, 103, 93, 67, 71, 61, 84, 4),
(436, 436, 'bronzor', 300, 57, 24, 86, 24, 86, 23, 4),
(437, 437, 'bronzong', 500, 67, 89, 116, 79, 116, 33, 4),
(438, 438, 'bonsly', 290, 50, 80, 95, 10, 45, 10, 4),
(439, 439, 'mime-jr', 310, 20, 25, 45, 70, 90, 60, 4),
(440, 440, 'happiny', 220, 100, 5, 5, 15, 65, 30, 4),
(441, 441, 'chatot', 411, 76, 65, 45, 92, 42, 91, 4),
(442, 442, 'spiritomb', 485, 50, 92, 108, 92, 108, 35, 4),
(443, 443, 'gible', 300, 58, 70, 45, 40, 45, 42, 4),
(444, 444, 'gabite', 410, 68, 90, 65, 50, 55, 82, 4),
(445, 445, 'garchomp', 600, 108, 130, 95, 80, 85, 102, 4),
(446, 446, 'munchlax', 390, 135, 85, 40, 40, 85, 5, 4),
(447, 447, 'riolu', 285, 40, 70, 40, 35, 40, 60, 4),
(448, 448, 'lucario', 525, 70, 110, 70, 115, 70, 90, 4),
(449, 449, 'hippopotas', 330, 68, 72, 78, 38, 42, 32, 4),
(450, 450, 'hippowdon', 525, 108, 112, 118, 68, 72, 47, 4),
(451, 451, 'skorupi', 330, 40, 50, 90, 30, 55, 65, 4),
(452, 452, 'drapion', 500, 70, 90, 110, 60, 75, 95, 4),
(453, 453, 'croagunk', 300, 48, 61, 40, 61, 40, 50, 4),
(454, 454, 'toxicroak', 490, 83, 106, 65, 86, 65, 85, 4),
(455, 455, 'carnivine', 454, 74, 100, 72, 90, 72, 46, 4),
(456, 456, 'finneon', 330, 49, 49, 56, 49, 61, 66, 4),
(457, 457, 'lumineon', 460, 69, 69, 76, 69, 86, 91, 4),
(458, 458, 'mantyke', 345, 45, 20, 50, 60, 120, 50, 4),
(459, 459, 'snover', 334, 60, 62, 50, 62, 60, 40, 4),
(460, 460, 'abomasnow', 494, 90, 92, 75, 92, 85, 60, 4),
(461, 461, 'weavile', 510, 70, 120, 65, 45, 85, 125, 4),
(462, 462, 'magnezone', 535, 70, 70, 115, 130, 90, 60, 4),
(463, 463, 'lickilicky', 515, 110, 85, 95, 80, 95, 50, 4),
(464, 464, 'rhyperior', 535, 115, 140, 130, 55, 55, 40, 4),
(465, 465, 'tangrowth', 535, 100, 100, 125, 110, 50, 50, 4),
(466, 466, 'electivire', 540, 75, 123, 67, 95, 85, 95, 4),
(467, 467, 'magmortar', 540, 75, 95, 67, 125, 95, 83, 4),
(468, 468, 'togekiss', 545, 85, 50, 95, 120, 115, 80, 4),
(469, 469, 'yanmega', 515, 86, 76, 86, 116, 56, 95, 4),
(470, 470, 'leafeon', 525, 65, 110, 130, 60, 65, 95, 4),
(471, 471, 'glaceon', 525, 65, 60, 110, 130, 95, 65, 4),
(472, 472, 'gliscor', 510, 75, 95, 125, 45, 75, 95, 4),
(473, 473, 'mamoswine', 530, 110, 130, 80, 70, 60, 80, 4),
(474, 474, 'porygon-z', 535, 85, 80, 70, 135, 75, 90, 4),
(475, 475, 'gallade', 518, 68, 125, 65, 65, 115, 80, 4),
(476, 476, 'probopass', 525, 60, 55, 145, 75, 150, 40, 4),
(477, 477, 'dusknoir', 525, 45, 100, 135, 65, 135, 45, 4),
(478, 478, 'froslass', 480, 70, 80, 70, 80, 70, 110, 4),
(479, 479, 'rotom', 440, 50, 50, 77, 95, 77, 91, 4),
(480, 480, 'uxie', 580, 75, 75, 130, 75, 130, 95, 4),
(481, 481, 'mesprit', 580, 80, 105, 105, 105, 105, 80, 4),
(482, 482, 'azelf', 580, 75, 125, 70, 125, 70, 115, 4),
(483, 483, 'dialga', 680, 100, 120, 120, 150, 100, 90, 4),
(484, 484, 'palkia', 680, 90, 120, 100, 150, 120, 100, 4),
(485, 485, 'heatran', 600, 91, 90, 106, 130, 106, 77, 4),
(486, 486, 'regigigas', 670, 110, 160, 110, 80, 110, 100, 4),
(487, 487, 'giratina-altered', 680, 150, 100, 120, 100, 120, 90, 4),
(488, 488, 'cresselia', 580, 120, 70, 110, 75, 120, 85, 4),
(489, 489, 'phione', 480, 80, 80, 80, 80, 80, 80, 4),
(490, 490, 'manaphy', 600, 100, 100, 100, 100, 100, 100, 4),
(491, 491, 'darkrai', 600, 70, 90, 90, 135, 90, 125, 4),
(492, 492, 'shaymin-land', 600, 100, 100, 100, 100, 100, 100, 4),
(493, 493, 'arceus', 720, 120, 120, 120, 120, 120, 120, 4),
(494, 494, 'victini', 600, 100, 100, 100, 100, 100, 100, 5),
(495, 495, 'snivy', 308, 45, 45, 55, 45, 55, 63, 5),
(496, 496, 'servine', 413, 60, 60, 75, 60, 75, 83, 5),
(497, 497, 'serperior', 528, 75, 75, 95, 75, 95, 113, 5),
(498, 498, 'tepig', 308, 65, 63, 45, 45, 45, 45, 5),
(499, 499, 'pignite', 418, 90, 93, 55, 70, 55, 55, 5),
(500, 500, 'emboar', 528, 110, 123, 65, 100, 65, 65, 5),
(501, 501, 'oshawott', 308, 55, 55, 45, 63, 45, 45, 5),
(502, 502, 'dewott', 413, 75, 75, 60, 83, 60, 60, 5),
(503, 503, 'samurott', 528, 95, 100, 85, 108, 70, 70, 5),
(504, 504, 'patrat', 255, 45, 55, 39, 35, 39, 42, 5),
(505, 505, 'watchog', 420, 60, 85, 69, 60, 69, 77, 5),
(506, 506, 'lillipup', 275, 45, 60, 45, 25, 45, 55, 5),
(507, 507, 'herdier', 370, 65, 80, 65, 35, 65, 60, 5),
(508, 508, 'stoutland', 500, 85, 110, 90, 45, 90, 80, 5),
(509, 509, 'purrloin', 281, 41, 50, 37, 50, 37, 66, 5),
(510, 510, 'liepard', 446, 64, 88, 50, 88, 50, 106, 5),
(511, 511, 'pansage', 316, 50, 53, 48, 53, 48, 64, 5),
(512, 512, 'simisage', 498, 75, 98, 63, 98, 63, 101, 5),
(513, 513, 'pansear', 316, 50, 53, 48, 53, 48, 64, 5),
(514, 514, 'simisear', 498, 75, 98, 63, 98, 63, 101, 5),
(515, 515, 'panpour', 316, 50, 53, 48, 53, 48, 64, 5),
(516, 516, 'simipour', 498, 75, 98, 63, 98, 63, 101, 5),
(517, 517, 'munna', 292, 76, 25, 45, 67, 55, 24, 5),
(518, 518, 'musharna', 487, 116, 55, 85, 107, 95, 29, 5),
(519, 519, 'pidove', 264, 50, 55, 50, 36, 30, 43, 5),
(520, 520, 'tranquill', 358, 62, 77, 62, 50, 42, 65, 5),
(521, 521, 'unfezant', 488, 80, 115, 80, 65, 55, 93, 5),
(522, 522, 'blitzle', 295, 45, 60, 32, 50, 32, 76, 5),
(523, 523, 'zebstrika', 497, 75, 100, 63, 80, 63, 116, 5),
(524, 524, 'roggenrola', 280, 55, 75, 85, 25, 25, 15, 5),
(525, 525, 'boldore', 390, 70, 105, 105, 50, 40, 20, 5),
(526, 526, 'gigalith', 515, 85, 135, 130, 60, 80, 25, 5),
(527, 527, 'woobat', 323, 65, 45, 43, 55, 43, 72, 5),
(528, 528, 'swoobat', 425, 67, 57, 55, 77, 55, 114, 5),
(529, 529, 'drilbur', 328, 60, 85, 40, 30, 45, 68, 5),
(530, 530, 'excadrill', 508, 110, 135, 60, 50, 65, 88, 5),
(531, 531, 'audino', 445, 103, 60, 86, 60, 86, 50, 5),
(532, 532, 'timburr', 305, 75, 80, 55, 25, 35, 35, 5),
(533, 533, 'gurdurr', 405, 85, 105, 85, 40, 50, 40, 5),
(534, 534, 'conkeldurr', 505, 105, 140, 95, 55, 65, 45, 5),
(535, 535, 'tympole', 294, 50, 50, 40, 50, 40, 64, 5),
(536, 536, 'palpitoad', 384, 75, 65, 55, 65, 55, 69, 5),
(537, 537, 'seismitoad', 509, 105, 95, 75, 85, 75, 74, 5),
(538, 538, 'throh', 465, 120, 100, 85, 30, 85, 45, 5),
(539, 539, 'sawk', 465, 75, 125, 75, 30, 75, 85, 5),
(540, 540, 'sewaddle', 310, 45, 53, 70, 40, 60, 42, 5),
(541, 541, 'swadloon', 380, 55, 63, 90, 50, 80, 42, 5),
(542, 542, 'leavanny', 500, 75, 103, 80, 70, 80, 92, 5),
(543, 543, 'venipede', 260, 30, 45, 59, 30, 39, 57, 5),
(544, 544, 'whirlipede', 360, 40, 55, 99, 40, 79, 47, 5),
(545, 545, 'scolipede', 485, 60, 100, 89, 55, 69, 112, 5),
(546, 546, 'cottonee', 280, 40, 27, 60, 37, 50, 66, 5),
(547, 547, 'whimsicott', 480, 60, 67, 85, 77, 75, 116, 5),
(548, 548, 'petilil', 280, 45, 35, 50, 70, 50, 30, 5),
(549, 549, 'lilligant', 480, 70, 60, 75, 110, 75, 90, 5),
(550, 550, 'basculin-red-striped', 460, 70, 92, 65, 80, 55, 98, 5),
(551, 551, 'sandile', 292, 50, 72, 35, 35, 35, 65, 5),
(552, 552, 'krokorok', 351, 60, 82, 45, 45, 45, 74, 5),
(553, 553, 'krookodile', 519, 95, 117, 80, 65, 70, 92, 5),
(554, 554, 'darumaka', 315, 70, 90, 45, 15, 45, 50, 5),
(555, 555, 'darmanitan-standard', 480, 105, 140, 55, 30, 55, 95, 5),
(556, 556, 'maractus', 461, 75, 86, 67, 106, 67, 60, 5),
(557, 557, 'dwebble', 325, 50, 65, 85, 35, 35, 55, 5),
(558, 558, 'crustle', 485, 70, 105, 125, 65, 75, 45, 5),
(559, 559, 'scraggy', 348, 50, 75, 70, 35, 70, 48, 5),
(560, 560, 'scrafty', 488, 65, 90, 115, 45, 115, 58, 5),
(561, 561, 'sigilyph', 490, 72, 58, 80, 103, 80, 97, 5),
(562, 562, 'yamask', 303, 38, 30, 85, 55, 65, 30, 5),
(563, 563, 'cofagrigus', 483, 58, 50, 145, 95, 105, 30, 5),
(564, 564, 'tirtouga', 355, 54, 78, 103, 53, 45, 22, 5),
(565, 565, 'carracosta', 495, 74, 108, 133, 83, 65, 32, 5),
(566, 566, 'archen', 401, 55, 112, 45, 74, 45, 70, 5),
(567, 567, 'archeops', 567, 75, 140, 65, 112, 65, 110, 5),
(568, 568, 'trubbish', 329, 50, 50, 62, 40, 62, 65, 5),
(569, 569, 'garbodor', 474, 80, 95, 82, 60, 82, 75, 5),
(570, 570, 'zorua', 330, 40, 65, 40, 80, 40, 65, 5),
(571, 571, 'zoroark', 510, 60, 105, 60, 120, 60, 105, 5),
(572, 572, 'minccino', 300, 55, 50, 40, 40, 40, 75, 5),
(573, 573, 'cinccino', 470, 75, 95, 60, 65, 60, 115, 5),
(574, 574, 'gothita', 290, 45, 30, 50, 55, 65, 45, 5),
(575, 575, 'gothorita', 390, 60, 45, 70, 75, 85, 55, 5),
(576, 576, 'gothitelle', 490, 70, 55, 95, 95, 110, 65, 5),
(577, 577, 'solosis', 290, 45, 30, 40, 105, 50, 20, 5),
(578, 578, 'duosion', 370, 65, 40, 50, 125, 60, 30, 5),
(579, 579, 'reuniclus', 490, 110, 65, 75, 125, 85, 30, 5),
(580, 580, 'ducklett', 305, 62, 44, 50, 44, 50, 55, 5),
(581, 581, 'swanna', 473, 75, 87, 63, 87, 63, 98, 5),
(582, 582, 'vanillite', 305, 36, 50, 50, 65, 60, 44, 5),
(583, 583, 'vanillish', 395, 51, 65, 65, 80, 75, 59, 5),
(584, 584, 'vanilluxe', 535, 71, 95, 85, 110, 95, 79, 5),
(585, 585, 'deerling', 335, 60, 60, 50, 40, 50, 75, 5),
(586, 586, 'sawsbuck', 475, 80, 100, 70, 60, 70, 95, 5),
(587, 587, 'emolga', 428, 55, 75, 60, 75, 60, 103, 5),
(588, 588, 'karrablast', 315, 50, 75, 45, 40, 45, 60, 5),
(589, 589, 'escavalier', 495, 70, 135, 105, 60, 105, 20, 5),
(590, 590, 'foongus', 294, 69, 55, 45, 55, 55, 15, 5),
(591, 591, 'amoonguss', 464, 114, 85, 70, 85, 80, 30, 5),
(592, 592, 'frillish', 335, 55, 40, 50, 65, 85, 40, 5),
(593, 593, 'jellicent', 480, 100, 60, 70, 85, 105, 60, 5),
(594, 594, 'alomomola', 470, 165, 75, 80, 40, 45, 65, 5),
(595, 595, 'joltik', 319, 50, 47, 50, 57, 50, 65, 5),
(596, 596, 'galvantula', 472, 70, 77, 60, 97, 60, 108, 5),
(597, 597, 'ferroseed', 305, 44, 50, 91, 24, 86, 10, 5),
(598, 598, 'ferrothorn', 489, 74, 94, 131, 54, 116, 20, 5),
(599, 599, 'klink', 300, 40, 55, 70, 45, 60, 30, 5),
(600, 600, 'klang', 440, 60, 80, 95, 70, 85, 50, 5),
(601, 601, 'klinklang', 520, 60, 100, 115, 70, 85, 90, 5),
(602, 602, 'tynamo', 275, 35, 55, 40, 45, 40, 60, 5),
(603, 603, 'eelektrik', 405, 65, 85, 70, 75, 70, 40, 5),
(604, 604, 'eelektross', 515, 85, 115, 80, 105, 80, 50, 5),
(605, 605, 'elgyem', 335, 55, 55, 55, 85, 55, 30, 5),
(606, 606, 'beheeyem', 485, 75, 75, 75, 125, 95, 40, 5),
(607, 607, 'litwick', 275, 50, 30, 55, 65, 55, 20, 5),
(608, 608, 'lampent', 370, 60, 40, 60, 95, 60, 55, 5),
(609, 609, 'chandelure', 520, 60, 55, 90, 145, 90, 80, 5),
(610, 610, 'axew', 320, 46, 87, 60, 30, 40, 57, 5),
(611, 611, 'fraxure', 410, 66, 117, 70, 40, 50, 67, 5),
(612, 612, 'haxorus', 540, 76, 147, 90, 60, 70, 97, 5),
(613, 613, 'cubchoo', 305, 55, 70, 40, 60, 40, 40, 5),
(614, 614, 'beartic', 505, 95, 130, 80, 70, 80, 50, 5),
(615, 615, 'cryogonal', 515, 80, 50, 50, 95, 135, 105, 5),
(616, 616, 'shelmet', 305, 50, 40, 85, 40, 65, 25, 5),
(617, 617, 'accelgor', 495, 80, 70, 40, 100, 60, 145, 5),
(618, 618, 'stunfisk', 471, 109, 66, 84, 81, 99, 32, 5),
(619, 619, 'mienfoo', 350, 45, 85, 50, 55, 50, 65, 5),
(620, 620, 'mienshao', 510, 65, 125, 60, 95, 60, 105, 5),
(621, 621, 'druddigon', 485, 77, 120, 90, 60, 90, 48, 5),
(622, 622, 'golett', 303, 59, 74, 50, 35, 50, 35, 5),
(623, 623, 'golurk', 483, 89, 124, 80, 55, 80, 55, 5),
(624, 624, 'pawniard', 340, 45, 85, 70, 40, 40, 60, 5),
(625, 625, 'bisharp', 490, 65, 125, 100, 60, 70, 70, 5),
(626, 626, 'bouffalant', 490, 95, 110, 95, 40, 95, 55, 5),
(627, 627, 'rufflet', 350, 70, 83, 50, 37, 50, 60, 5),
(628, 628, 'braviary', 510, 100, 123, 75, 57, 75, 80, 5),
(629, 629, 'vullaby', 370, 70, 55, 75, 45, 65, 60, 5),
(630, 630, 'mandibuzz', 510, 110, 65, 105, 55, 95, 80, 5),
(631, 631, 'heatmor', 484, 85, 97, 66, 105, 66, 65, 5),
(632, 632, 'durant', 484, 58, 109, 112, 48, 48, 109, 5),
(633, 633, 'deino', 300, 52, 65, 50, 45, 50, 38, 5),
(634, 634, 'zweilous', 420, 72, 85, 70, 65, 70, 58, 5),
(635, 635, 'hydreigon', 600, 92, 105, 90, 125, 90, 98, 5),
(636, 636, 'larvesta', 360, 55, 85, 55, 50, 55, 60, 5),
(637, 637, 'volcarona', 550, 85, 60, 65, 135, 105, 100, 5),
(638, 638, 'cobalion', 580, 91, 90, 129, 90, 72, 108, 5),
(639, 639, 'terrakion', 580, 91, 129, 90, 72, 90, 108, 5),
(640, 640, 'virizion', 580, 91, 90, 72, 90, 129, 108, 5),
(641, 641, 'tornadus-incarnate', 580, 79, 115, 70, 125, 80, 111, 5),
(642, 642, 'thundurus-incarnate', 580, 79, 115, 70, 125, 80, 111, 5),
(643, 643, 'reshiram', 680, 100, 120, 100, 150, 120, 90, 5),
(644, 644, 'zekrom', 680, 100, 150, 120, 120, 100, 90, 5),
(645, 645, 'landorus-incarnate', 600, 89, 125, 90, 115, 80, 101, 5),
(646, 646, 'kyurem', 660, 125, 130, 90, 130, 90, 95, 5),
(647, 647, 'keldeo-ordinary', 580, 91, 72, 90, 129, 90, 108, 5),
(648, 648, 'meloetta-aria', 600, 100, 77, 77, 128, 128, 90, 5),
(649, 649, 'genesect', 600, 71, 120, 95, 120, 95, 99, 5),
(10001, 386, 'deoxys-attack', 600, 50, 180, 20, 180, 20, 150, 3),
(10002, 386, 'deoxys-defense', 600, 50, 70, 160, 70, 160, 90, 3),
(10003, 386, 'deoxys-speed', 600, 50, 95, 90, 95, 90, 180, 3),
(10004, 413, 'wormadam-sandy', 424, 60, 79, 105, 59, 85, 36, 4),
(10005, 413, 'wormadam-trash', 424, 60, 69, 95, 69, 95, 36, 4),
(10006, 492, 'shaymin-sky', 600, 100, 103, 75, 120, 75, 127, 4),
(10007, 487, 'giratina-origin', 680, 150, 120, 100, 120, 100, 90, 4),
(10008, 479, 'rotom-heat', 520, 50, 65, 107, 105, 107, 86, 4),
(10009, 479, 'rotom-wash', 520, 50, 65, 107, 105, 107, 86, 4),
(10010, 479, 'rotom-frost', 520, 50, 65, 107, 105, 107, 86, 4),
(10011, 479, 'rotom-fan', 520, 50, 65, 107, 105, 107, 86, 4),
(10012, 479, 'rotom-mow', 520, 50, 65, 107, 105, 107, 86, 4),
(10013, 351, 'castform-sunny', 420, 70, 70, 70, 70, 70, 70, 3),
(10014, 351, 'castform-rainy', 420, 70, 70, 70, 70, 70, 70, 3),
(10015, 351, 'castform-snowy', 420, 70, 70, 70, 70, 70, 70, 3),
(10016, 550, 'basculin-blue-striped', 460, 70, 92, 65, 80, 55, 98, 5),
(10017, 555, 'darmanitan-zen', 540, 105, 30, 105, 140, 105, 55, 5),
(10018, 648, 'meloetta-pirouette', 600, 100, 128, 90, 77, 77, 128, 5),
(10019, 641, 'tornadus-therian', 580, 79, 100, 80, 110, 90, 121, 5),
(10020, 642, 'thundurus-therian', 580, 79, 105, 70, 145, 80, 101, 5),
(10021, 645, 'landorus-therian', 600, 89, 145, 90, 105, 80, 91, 5),
(10022, 646, 'kyurem-black', 700, 125, 170, 100, 120, 90, 95, 5),
(10023, 646, 'kyurem-white', 700, 125, 120, 90, 170, 100, 95, 5),
(10024, 647, 'keldeo-resolute', 580, 91, 72, 90, 129, 90, 108, 5);

-- --------------------------------------------------------

--
-- Estructura de tabla para la tabla `pokemon_abilities`
--

CREATE TABLE `pokemon_abilities` (
  `id` int(11) NOT NULL,
  `pokemon_id` int(11) DEFAULT NULL,
  `ability_id` int(11) DEFAULT NULL
) ENGINE=InnoDB DEFAULT CHARSET=utf8mb4 COLLATE=utf8mb4_general_ci;

--
-- Volcado de datos para la tabla `pokemon_abilities`
--

INSERT INTO `pokemon_abilities` (`id`, `pokemon_id`, `ability_id`) VALUES
(1, 1, 65),
(2, 1, 34),
(3, 2, 65),
(4, 2, 34),
(5, 3, 65),
(6, 3, 34),
(7, 4, 66),
(8, 4, 94),
(9, 5, 66),
(10, 5, 94),
(11, 6, 66),
(12, 6, 94),
(13, 7, 67),
(14, 7, 44),
(15, 8, 67),
(16, 8, 44),
(17, 9, 67),
(18, 9, 44),
(19, 10, 19),
(20, 10, 50),
(21, 11, 61),
(22, 12, 14),
(23, 12, 110),
(24, 13, 19),
(25, 13, 50),
(26, 14, 61),
(27, 15, 68),
(28, 15, 97),
(29, 16, 51),
(30, 16, 77),
(31, 16, 145),
(32, 17, 51),
(33, 17, 77),
(34, 17, 145),
(35, 18, 51),
(36, 18, 77),
(37, 18, 145),
(38, 19, 50),
(39, 19, 62),
(40, 19, 55),
(41, 20, 50),
(42, 20, 62),
(43, 20, 55),
(44, 21, 51),
(45, 21, 97),
(46, 22, 51),
(47, 22, 97),
(48, 23, 22),
(49, 23, 61),
(50, 23, 127),
(51, 24, 22),
(52, 24, 61),
(53, 24, 127),
(54, 25, 9),
(55, 25, 31),
(56, 26, 9),
(57, 26, 31),
(58, 27, 8),
(59, 27, 146),
(60, 28, 8),
(61, 28, 146),
(62, 29, 38),
(63, 29, 79),
(64, 29, 55),
(65, 30, 38),
(66, 30, 79),
(67, 30, 55),
(68, 31, 38),
(69, 31, 79),
(70, 31, 125),
(71, 32, 38),
(72, 32, 79),
(73, 32, 55),
(74, 33, 38),
(75, 33, 79),
(76, 33, 55),
(77, 34, 38),
(78, 34, 79),
(79, 34, 125),
(80, 35, 56),
(81, 35, 98),
(82, 35, 132),
(83, 36, 56),
(84, 36, 98),
(85, 36, 109),
(86, 37, 18),
(87, 37, 70),
(88, 38, 18),
(89, 38, 70),
(90, 39, 56),
(92, 39, 132),
(93, 40, 56),
(95, 40, 119),
(96, 41, 39),
(97, 41, 151),
(98, 42, 39),
(99, 42, 151),
(100, 43, 34),
(101, 43, 50),
(102, 44, 34),
(103, 44, 1),
(104, 45, 34),
(105, 45, 27),
(106, 46, 27),
(107, 46, 87),
(108, 46, 6),
(109, 47, 27),
(110, 47, 87),
(111, 47, 6),
(112, 48, 14),
(113, 48, 110),
(114, 48, 50),
(115, 49, 19),
(116, 49, 110),
(117, 49, 147),
(118, 50, 8),
(119, 50, 71),
(120, 50, 159),
(121, 51, 8),
(122, 51, 71),
(123, 51, 159),
(124, 52, 53),
(125, 52, 101),
(126, 52, 127),
(127, 53, 7),
(128, 53, 101),
(129, 53, 127),
(130, 54, 6),
(131, 54, 13),
(132, 54, 33),
(133, 55, 6),
(134, 55, 13),
(135, 55, 33),
(136, 56, 72),
(137, 56, 83),
(138, 56, 128),
(139, 57, 72),
(140, 57, 83),
(141, 57, 128),
(142, 58, 22),
(143, 58, 18),
(144, 58, 154),
(145, 59, 22),
(146, 59, 18),
(147, 59, 154),
(148, 60, 11),
(149, 60, 6),
(150, 60, 33),
(151, 61, 11),
(152, 61, 6),
(153, 61, 33),
(154, 62, 11),
(155, 62, 6),
(156, 62, 33),
(157, 63, 28),
(158, 63, 39),
(159, 63, 98),
(160, 64, 28),
(161, 64, 39),
(162, 64, 98),
(163, 65, 28),
(164, 65, 39),
(165, 65, 98),
(166, 66, 62),
(167, 66, 99),
(168, 66, 80),
(169, 67, 62),
(170, 67, 99),
(171, 67, 80),
(172, 68, 62),
(173, 68, 99),
(174, 68, 80),
(175, 69, 34),
(176, 69, 82),
(177, 70, 34),
(178, 70, 82),
(179, 71, 34),
(180, 71, 82),
(181, 72, 29),
(182, 72, 64),
(183, 72, 44),
(184, 73, 29),
(185, 73, 64),
(186, 73, 44),
(187, 74, 69),
(188, 74, 5),
(189, 74, 8),
(190, 75, 69),
(191, 75, 5),
(192, 75, 8),
(193, 76, 69),
(194, 76, 5),
(195, 76, 8),
(196, 77, 50),
(197, 77, 18),
(198, 77, 49),
(199, 78, 50),
(200, 78, 18),
(201, 78, 49),
(202, 79, 12),
(203, 79, 20),
(204, 79, 144),
(205, 80, 12),
(206, 80, 20),
(207, 80, 144),
(208, 81, 42),
(209, 81, 5),
(210, 81, 148),
(211, 82, 42),
(212, 82, 5),
(213, 82, 148),
(214, 83, 51),
(215, 83, 39),
(216, 83, 128),
(217, 84, 50),
(218, 84, 48),
(219, 84, 77),
(220, 85, 50),
(221, 85, 48),
(222, 85, 77),
(223, 86, 47),
(224, 86, 93),
(225, 86, 115),
(226, 87, 47),
(227, 87, 93),
(228, 87, 115),
(229, 88, 1),
(230, 88, 60),
(231, 88, 143),
(232, 89, 1),
(233, 89, 60),
(234, 89, 143),
(235, 90, 75),
(236, 90, 92),
(237, 90, 142),
(238, 91, 75),
(239, 91, 92),
(240, 91, 142),
(241, 92, 26),
(242, 93, 26),
(243, 94, 130),
(244, 95, 69),
(245, 95, 5),
(246, 95, 133),
(247, 96, 15),
(248, 96, 108),
(249, 96, 39),
(250, 97, 15),
(251, 97, 108),
(252, 97, 39),
(253, 98, 52),
(254, 98, 75),
(255, 98, 125),
(256, 99, 52),
(257, 99, 75),
(258, 99, 125),
(259, 100, 43),
(260, 100, 9),
(261, 100, 106),
(262, 101, 43),
(263, 101, 9),
(264, 101, 106),
(265, 102, 34),
(266, 102, 139),
(267, 103, 34),
(268, 103, 139),
(269, 104, 69),
(270, 104, 31),
(271, 104, 4),
(272, 105, 69),
(273, 105, 31),
(274, 105, 4),
(275, 106, 7),
(276, 106, 120),
(277, 106, 84),
(278, 107, 51),
(279, 107, 89),
(280, 107, 39),
(281, 108, 20),
(282, 108, 12),
(283, 108, 13),
(284, 109, 26),
(286, 109, 1),
(287, 110, 26),
(289, 110, 1),
(290, 111, 31),
(291, 111, 69),
(292, 111, 120),
(293, 112, 31),
(294, 112, 69),
(295, 112, 120),
(296, 113, 30),
(297, 113, 32),
(298, 113, 131),
(299, 114, 34),
(300, 114, 102),
(301, 114, 144),
(302, 115, 48),
(303, 115, 113),
(304, 115, 39),
(305, 116, 33),
(306, 116, 97),
(307, 116, 6),
(308, 117, 38),
(309, 117, 97),
(310, 117, 6),
(311, 118, 33),
(312, 118, 41),
(313, 118, 31),
(314, 119, 33),
(315, 119, 41),
(316, 119, 31),
(317, 120, 35),
(318, 120, 30),
(319, 120, 148),
(320, 121, 35),
(321, 121, 30),
(322, 121, 148),
(323, 122, 43),
(324, 122, 111),
(325, 122, 101),
(326, 123, 68),
(327, 123, 101),
(328, 123, 80),
(329, 124, 12),
(330, 124, 108),
(331, 124, 87),
(332, 125, 9),
(333, 125, 72),
(334, 126, 49),
(335, 126, 72),
(336, 127, 52),
(337, 127, 104),
(338, 127, 153),
(339, 128, 22),
(340, 128, 83),
(341, 128, 125),
(342, 129, 33),
(343, 129, 155),
(344, 130, 22),
(345, 130, 153),
(346, 131, 11),
(347, 131, 75),
(348, 131, 93),
(349, 132, 7),
(350, 132, 150),
(351, 133, 50),
(352, 133, 91),
(353, 133, 107),
(354, 134, 11),
(355, 134, 93),
(356, 135, 10),
(357, 135, 95),
(358, 136, 18),
(359, 136, 62),
(360, 137, 36),
(361, 137, 88),
(362, 137, 148),
(363, 138, 33),
(364, 138, 75),
(365, 138, 133),
(366, 139, 33),
(367, 139, 75),
(368, 139, 133),
(369, 140, 33),
(370, 140, 4),
(371, 140, 133),
(372, 141, 33),
(373, 141, 4),
(374, 141, 133),
(375, 142, 69),
(376, 142, 46),
(377, 142, 127),
(378, 143, 17),
(379, 143, 47),
(380, 143, 82),
(381, 144, 46),
(382, 144, 81),
(383, 145, 46),
(384, 145, 9),
(385, 146, 46),
(386, 146, 49),
(387, 147, 61),
(388, 147, 63),
(389, 148, 61),
(390, 148, 63),
(391, 149, 39),
(392, 149, 136),
(393, 150, 46),
(394, 150, 127),
(395, 151, 28),
(396, 152, 65),
(397, 152, 102),
(398, 153, 65),
(399, 153, 102),
(400, 154, 65),
(401, 154, 102),
(402, 155, 66),
(403, 155, 18),
(404, 156, 66),
(405, 156, 18),
(406, 157, 66),
(407, 157, 18),
(408, 158, 67),
(409, 158, 125),
(410, 159, 67),
(411, 159, 125),
(412, 160, 67),
(413, 160, 125),
(414, 161, 50),
(415, 161, 51),
(416, 161, 119),
(417, 162, 50),
(418, 162, 51),
(419, 162, 119),
(420, 163, 15),
(421, 163, 51),
(422, 163, 110),
(423, 164, 15),
(424, 164, 51),
(425, 164, 110),
(426, 165, 68),
(427, 165, 48),
(428, 165, 155),
(429, 166, 68),
(430, 166, 48),
(431, 166, 89),
(432, 167, 68),
(433, 167, 15),
(434, 167, 97),
(435, 168, 68),
(436, 168, 15),
(437, 168, 97),
(438, 169, 39),
(439, 169, 151),
(440, 170, 10),
(441, 170, 35),
(442, 170, 11),
(443, 171, 10),
(444, 171, 35),
(445, 171, 11),
(446, 172, 9),
(447, 172, 31),
(448, 173, 56),
(449, 173, 98),
(450, 173, 132),
(451, 174, 56),
(453, 174, 132),
(454, 175, 55),
(455, 175, 32),
(456, 175, 105),
(457, 176, 55),
(458, 176, 32),
(459, 176, 105),
(460, 177, 28),
(461, 177, 48),
(462, 177, 156),
(463, 178, 28),
(464, 178, 48),
(465, 178, 156),
(466, 179, 9),
(467, 179, 57),
(468, 180, 9),
(469, 180, 57),
(470, 181, 9),
(471, 181, 57),
(472, 182, 34),
(473, 182, 131),
(474, 183, 47),
(475, 183, 37),
(476, 183, 157),
(477, 184, 47),
(478, 184, 37),
(479, 184, 157),
(480, 185, 5),
(481, 185, 69),
(482, 185, 155),
(483, 186, 11),
(484, 186, 6),
(485, 186, 2),
(486, 187, 34),
(487, 187, 102),
(488, 187, 151),
(489, 188, 34),
(490, 188, 102),
(491, 188, 151),
(492, 189, 34),
(493, 189, 102),
(494, 189, 151),
(495, 190, 50),
(496, 190, 53),
(497, 190, 92),
(498, 191, 34),
(499, 191, 94),
(500, 191, 48),
(501, 192, 34),
(502, 192, 94),
(503, 192, 48),
(504, 193, 3),
(505, 193, 14),
(506, 193, 119),
(507, 194, 6),
(508, 194, 11),
(509, 194, 109),
(510, 195, 6),
(511, 195, 11),
(512, 195, 109),
(513, 196, 28),
(514, 196, 156),
(515, 197, 28),
(516, 197, 39),
(517, 198, 15),
(518, 198, 105),
(519, 198, 158),
(520, 199, 12),
(521, 199, 20),
(522, 199, 144),
(523, 200, 26),
(524, 201, 26),
(525, 202, 23),
(526, 202, 140),
(527, 203, 39),
(528, 203, 48),
(529, 203, 157),
(530, 204, 5),
(531, 204, 142),
(532, 205, 5),
(533, 205, 142),
(534, 206, 32),
(535, 206, 50),
(536, 206, 155),
(537, 207, 52),
(538, 207, 8),
(539, 207, 17),
(540, 208, 69),
(541, 208, 5),
(542, 208, 125),
(543, 209, 22),
(544, 209, 50),
(545, 209, 155),
(546, 210, 22),
(547, 210, 95),
(548, 210, 155),
(549, 211, 38),
(550, 211, 33),
(551, 211, 22),
(552, 212, 68),
(553, 212, 101),
(554, 212, 135),
(555, 213, 5),
(556, 213, 82),
(557, 213, 126),
(558, 214, 68),
(559, 214, 62),
(560, 214, 153),
(561, 215, 39),
(562, 215, 51),
(563, 215, 124),
(564, 216, 53),
(565, 216, 95),
(566, 216, 118),
(567, 217, 62),
(568, 217, 95),
(569, 217, 127),
(570, 218, 40),
(571, 218, 49),
(572, 218, 133),
(573, 219, 40),
(574, 219, 49),
(575, 219, 133),
(576, 220, 12),
(577, 220, 81),
(578, 220, 47),
(579, 221, 12),
(580, 221, 81),
(581, 221, 47),
(582, 222, 55),
(583, 222, 30),
(584, 222, 144),
(585, 223, 55),
(586, 223, 97),
(587, 223, 141),
(588, 224, 21),
(589, 224, 97),
(590, 224, 141),
(591, 225, 72),
(592, 225, 55),
(593, 225, 15),
(594, 226, 33),
(595, 226, 11),
(596, 226, 41),
(597, 227, 51),
(598, 227, 5),
(599, 227, 133),
(600, 228, 48),
(601, 228, 18),
(602, 228, 127),
(603, 229, 48),
(604, 229, 18),
(605, 229, 127),
(606, 230, 33),
(607, 230, 97),
(608, 230, 6),
(609, 231, 53),
(610, 231, 8),
(611, 232, 5),
(612, 232, 8),
(613, 233, 36),
(614, 233, 88),
(615, 233, 148),
(616, 234, 22),
(617, 234, 119),
(618, 234, 157),
(619, 235, 20),
(620, 235, 101),
(621, 235, 141),
(622, 236, 62),
(623, 236, 80),
(624, 236, 72),
(625, 237, 22),
(626, 237, 101),
(627, 237, 80),
(628, 238, 12),
(629, 238, 108),
(630, 238, 93),
(631, 239, 9),
(632, 239, 72),
(633, 240, 49),
(634, 240, 72),
(635, 241, 47),
(636, 241, 113),
(637, 241, 157),
(638, 242, 30),
(639, 242, 32),
(640, 242, 131),
(641, 243, 46),
(642, 243, 39),
(643, 244, 46),
(644, 244, 39),
(645, 245, 46),
(646, 245, 39),
(647, 246, 62),
(648, 246, 8),
(649, 247, 61),
(650, 248, 45),
(651, 248, 127),
(652, 249, 46),
(653, 249, 136),
(654, 250, 46),
(655, 250, 144),
(656, 251, 30),
(657, 252, 65),
(658, 252, 84),
(659, 253, 65),
(660, 253, 84),
(661, 254, 65),
(662, 254, 84),
(663, 255, 66),
(664, 255, 3),
(665, 256, 66),
(666, 256, 3),
(667, 257, 66),
(668, 257, 3),
(669, 258, 67),
(670, 258, 6),
(671, 259, 67),
(672, 259, 6),
(673, 260, 67),
(674, 260, 6),
(675, 261, 50),
(676, 261, 95),
(677, 261, 155),
(678, 262, 22),
(679, 262, 95),
(680, 262, 153),
(681, 263, 53),
(682, 263, 82),
(683, 263, 95),
(684, 264, 53),
(685, 264, 82),
(686, 264, 95),
(687, 265, 19),
(688, 265, 50),
(689, 266, 61),
(690, 267, 68),
(691, 267, 79),
(692, 268, 61),
(693, 269, 19),
(694, 269, 14),
(695, 270, 33),
(696, 270, 44),
(697, 270, 20),
(698, 271, 33),
(699, 271, 44),
(700, 271, 20),
(701, 272, 33),
(702, 272, 44),
(703, 272, 20),
(704, 273, 34),
(705, 273, 48),
(706, 273, 124),
(707, 274, 34),
(708, 274, 48),
(709, 274, 124),
(710, 275, 34),
(712, 275, 124),
(713, 276, 62),
(714, 276, 113),
(715, 277, 62),
(716, 277, 113),
(717, 278, 51),
(718, 278, 93),
(719, 278, 44),
(720, 279, 51),
(721, 279, 2),
(722, 279, 44),
(723, 280, 28),
(724, 280, 36),
(725, 280, 140),
(726, 281, 28),
(727, 281, 36),
(728, 281, 140),
(729, 282, 28),
(730, 282, 36),
(731, 282, 140),
(732, 283, 33),
(733, 283, 44),
(734, 284, 22),
(735, 284, 127),
(736, 285, 27),
(737, 285, 90),
(738, 285, 95),
(739, 286, 27),
(740, 286, 90),
(741, 286, 101),
(742, 287, 54),
(743, 288, 72),
(744, 289, 54),
(745, 290, 14),
(746, 290, 50),
(747, 291, 3),
(748, 291, 151),
(749, 292, 25),
(750, 293, 43),
(751, 293, 155),
(752, 294, 43),
(753, 294, 113),
(754, 295, 43),
(755, 295, 113),
(756, 296, 47),
(757, 296, 62),
(758, 296, 125),
(759, 297, 47),
(760, 297, 62),
(761, 297, 125),
(762, 298, 47),
(763, 298, 37),
(764, 298, 157),
(765, 299, 5),
(766, 299, 42),
(767, 299, 159),
(768, 300, 56),
(769, 300, 96),
(770, 300, 147),
(771, 301, 56),
(772, 301, 96),
(773, 301, 147),
(774, 302, 51),
(775, 302, 100),
(776, 302, 158),
(777, 303, 52),
(778, 303, 22),
(779, 303, 125),
(780, 304, 5),
(781, 304, 69),
(782, 304, 134),
(783, 305, 5),
(784, 305, 69),
(785, 305, 134),
(786, 306, 5),
(787, 306, 69),
(788, 306, 134),
(789, 307, 74),
(790, 307, 140),
(791, 308, 74),
(792, 308, 140),
(793, 309, 9),
(794, 309, 31),
(795, 309, 58),
(796, 310, 9),
(797, 310, 31),
(798, 310, 58),
(799, 311, 57),
(800, 311, 31),
(801, 312, 58),
(802, 312, 10),
(803, 313, 35),
(804, 313, 68),
(805, 313, 158),
(806, 314, 12),
(807, 314, 110),
(808, 314, 158),
(809, 315, 30),
(810, 315, 38),
(811, 315, 102),
(812, 316, 64),
(813, 316, 60),
(814, 316, 82),
(815, 317, 64),
(816, 317, 60),
(817, 317, 82),
(818, 318, 24),
(819, 318, 3),
(820, 319, 24),
(821, 319, 3),
(822, 320, 41),
(823, 320, 12),
(824, 320, 46),
(825, 321, 41),
(826, 321, 12),
(827, 321, 46),
(828, 322, 12),
(829, 322, 86),
(830, 322, 20),
(831, 323, 40),
(832, 323, 116),
(833, 323, 83),
(834, 324, 73),
(835, 324, 70),
(836, 324, 75),
(837, 325, 47),
(838, 325, 20),
(839, 325, 82),
(840, 326, 47),
(841, 326, 20),
(842, 326, 82),
(843, 327, 20),
(844, 327, 77),
(845, 327, 126),
(846, 328, 52),
(847, 328, 71),
(848, 328, 125),
(849, 329, 26),
(850, 330, 26),
(851, 331, 8),
(852, 331, 11),
(853, 332, 8),
(854, 332, 11),
(855, 333, 30),
(856, 333, 13),
(857, 334, 30),
(858, 334, 13),
(859, 335, 17),
(860, 335, 137),
(861, 336, 61),
(862, 336, 151),
(863, 337, 26),
(864, 338, 26),
(865, 339, 12),
(866, 339, 107),
(867, 339, 93),
(868, 340, 12),
(869, 340, 107),
(870, 340, 93),
(871, 341, 52),
(872, 341, 75),
(873, 341, 91),
(874, 342, 52),
(875, 342, 75),
(876, 342, 91),
(877, 343, 26),
(878, 344, 26),
(879, 345, 21),
(880, 345, 114),
(881, 346, 21),
(882, 346, 114),
(883, 347, 4),
(884, 347, 33),
(885, 348, 4),
(886, 348, 33),
(887, 349, 33),
(888, 349, 12),
(889, 349, 91),
(890, 350, 63),
(892, 350, 56),
(893, 351, 59),
(894, 352, 16),
(896, 353, 15),
(897, 353, 119),
(898, 353, 130),
(899, 354, 15),
(900, 354, 119),
(901, 354, 130),
(902, 355, 26),
(903, 355, 119),
(904, 356, 46),
(905, 356, 119),
(906, 357, 34),
(907, 357, 94),
(908, 357, 139),
(909, 358, 26),
(910, 359, 46),
(911, 359, 105),
(912, 359, 154),
(913, 360, 23),
(914, 360, 140),
(915, 361, 39),
(916, 361, 115),
(917, 361, 141),
(918, 362, 39),
(919, 362, 115),
(920, 362, 141),
(921, 363, 47),
(922, 363, 115),
(923, 363, 12),
(924, 364, 47),
(925, 364, 115),
(926, 364, 12),
(927, 365, 47),
(928, 365, 115),
(929, 365, 12),
(930, 366, 75),
(931, 366, 155),
(932, 367, 33),
(933, 367, 41),
(934, 368, 33),
(935, 368, 93),
(936, 369, 33),
(937, 369, 69),
(938, 369, 5),
(939, 370, 33),
(940, 370, 93),
(941, 371, 69),
(942, 371, 125),
(943, 372, 69),
(944, 372, 142),
(945, 373, 22),
(946, 373, 153),
(947, 374, 29),
(948, 374, 135),
(949, 375, 29),
(950, 375, 135),
(951, 376, 29),
(952, 376, 135),
(953, 377, 29),
(954, 377, 5),
(955, 378, 29),
(956, 378, 115),
(957, 379, 29),
(958, 379, 135),
(959, 380, 26),
(960, 381, 26),
(961, 382, 2),
(962, 383, 70),
(963, 384, 76),
(964, 385, 32),
(965, 386, 46),
(966, 387, 65),
(967, 387, 75),
(968, 388, 65),
(969, 388, 75),
(970, 389, 65),
(971, 389, 75),
(972, 390, 66),
(973, 390, 89),
(974, 391, 66),
(975, 391, 89),
(976, 392, 66),
(977, 392, 89),
(978, 393, 67),
(980, 394, 67),
(982, 395, 67),
(984, 396, 51),
(985, 396, 120),
(986, 397, 22),
(987, 397, 120),
(988, 398, 22),
(989, 398, 120),
(990, 399, 86),
(991, 399, 109),
(992, 399, 141),
(993, 400, 86),
(994, 400, 109),
(995, 400, 141),
(996, 401, 61),
(997, 401, 50),
(998, 402, 68),
(999, 402, 101),
(1000, 403, 79),
(1001, 403, 22),
(1002, 403, 62),
(1003, 404, 79),
(1004, 404, 22),
(1005, 404, 62),
(1006, 405, 79),
(1007, 405, 22),
(1008, 405, 62),
(1009, 406, 30),
(1010, 406, 38),
(1011, 406, 102),
(1012, 407, 30),
(1013, 407, 38),
(1014, 407, 101),
(1015, 408, 104),
(1016, 408, 125),
(1017, 409, 104),
(1018, 409, 125),
(1019, 410, 5),
(1020, 410, 43),
(1021, 411, 5),
(1022, 411, 43),
(1023, 412, 61),
(1024, 412, 142),
(1025, 413, 107),
(1026, 413, 142),
(1027, 414, 68),
(1028, 414, 110),
(1029, 415, 118),
(1030, 415, 55),
(1031, 416, 46),
(1032, 416, 127),
(1033, 417, 50),
(1034, 417, 53),
(1035, 417, 10),
(1036, 418, 33),
(1037, 418, 41),
(1038, 419, 33),
(1039, 419, 41),
(1040, 420, 34),
(1041, 421, 122),
(1042, 422, 60),
(1043, 422, 114),
(1044, 422, 159),
(1045, 423, 60),
(1046, 423, 114),
(1047, 423, 159),
(1048, 424, 101),
(1049, 424, 53),
(1050, 424, 92),
(1051, 425, 106),
(1052, 425, 84),
(1053, 425, 138),
(1054, 426, 106),
(1055, 426, 84),
(1056, 426, 138),
(1057, 427, 50),
(1058, 427, 103),
(1059, 427, 7),
(1060, 428, 56),
(1061, 428, 103),
(1062, 428, 7),
(1063, 429, 26),
(1064, 430, 15),
(1065, 430, 105),
(1066, 430, 153),
(1067, 431, 7),
(1068, 431, 20),
(1069, 431, 51),
(1070, 432, 47),
(1071, 432, 20),
(1072, 432, 128),
(1073, 433, 26),
(1074, 434, 1),
(1075, 434, 106),
(1076, 434, 51),
(1077, 435, 1),
(1078, 435, 106),
(1079, 435, 51),
(1080, 436, 26),
(1081, 436, 85),
(1082, 436, 134),
(1083, 437, 26),
(1084, 437, 85),
(1085, 437, 134),
(1086, 438, 5),
(1087, 438, 69),
(1088, 438, 155),
(1089, 439, 43),
(1090, 439, 111),
(1091, 439, 101),
(1092, 440, 30),
(1093, 440, 32),
(1094, 440, 132),
(1095, 441, 51),
(1096, 441, 77),
(1097, 441, 145),
(1098, 442, 46),
(1099, 442, 151),
(1100, 443, 8),
(1101, 443, 24),
(1102, 444, 8),
(1103, 444, 24),
(1104, 445, 8),
(1105, 445, 24),
(1106, 446, 53),
(1107, 446, 47),
(1108, 446, 82),
(1109, 447, 80),
(1110, 447, 39),
(1111, 447, 158),
(1112, 448, 80),
(1113, 448, 39),
(1114, 448, 154),
(1115, 449, 45),
(1116, 449, 159),
(1117, 450, 45),
(1118, 450, 159),
(1119, 451, 4),
(1120, 451, 97),
(1121, 451, 51),
(1122, 452, 4),
(1123, 452, 97),
(1124, 452, 51),
(1125, 453, 107),
(1126, 453, 87),
(1127, 453, 143),
(1128, 454, 107),
(1129, 454, 87),
(1130, 454, 143),
(1131, 455, 26),
(1132, 456, 33),
(1133, 456, 114),
(1134, 456, 41),
(1135, 457, 33),
(1136, 457, 114),
(1137, 457, 41),
(1138, 458, 33),
(1139, 458, 11),
(1140, 458, 41),
(1141, 459, 117),
(1142, 459, 43),
(1143, 460, 117),
(1144, 460, 43),
(1145, 461, 46),
(1146, 461, 124),
(1147, 462, 42),
(1148, 462, 5),
(1149, 462, 148),
(1150, 463, 20),
(1151, 463, 12),
(1152, 463, 13),
(1153, 464, 31),
(1154, 464, 116),
(1155, 464, 120),
(1156, 465, 34),
(1157, 465, 102),
(1158, 465, 144),
(1159, 466, 78),
(1160, 466, 72),
(1161, 467, 49),
(1162, 467, 72),
(1163, 468, 55),
(1164, 468, 32),
(1165, 468, 105),
(1166, 469, 3),
(1167, 469, 110),
(1168, 469, 119),
(1169, 470, 102),
(1170, 470, 34),
(1171, 471, 81),
(1172, 471, 115),
(1173, 472, 52),
(1174, 472, 8),
(1175, 472, 90),
(1176, 473, 12),
(1177, 473, 81),
(1178, 473, 47),
(1179, 474, 91),
(1180, 474, 88),
(1181, 474, 148),
(1182, 475, 80),
(1184, 475, 154),
(1185, 476, 5),
(1186, 476, 42),
(1187, 476, 159),
(1188, 477, 46),
(1189, 477, 119),
(1190, 478, 81),
(1191, 478, 130),
(1192, 479, 26),
(1193, 480, 26),
(1194, 481, 26),
(1195, 482, 26),
(1196, 483, 46),
(1197, 483, 140),
(1198, 484, 46),
(1199, 484, 140),
(1200, 485, 18),
(1201, 485, 49),
(1202, 486, 112),
(1203, 487, 46),
(1204, 487, 140),
(1205, 488, 26),
(1206, 489, 93),
(1207, 490, 93),
(1208, 491, 123),
(1209, 492, 30),
(1210, 493, 121),
(1211, 494, 162),
(1212, 495, 65),
(1213, 495, 126),
(1214, 496, 65),
(1215, 496, 126),
(1216, 497, 65),
(1217, 497, 126),
(1218, 498, 66),
(1219, 498, 47),
(1220, 499, 66),
(1221, 499, 47),
(1222, 500, 66),
(1223, 500, 120),
(1224, 501, 67),
(1225, 501, 75),
(1226, 502, 67),
(1227, 502, 75),
(1228, 503, 67),
(1229, 503, 75),
(1230, 504, 50),
(1231, 504, 51),
(1232, 504, 148),
(1233, 505, 35),
(1234, 505, 51),
(1235, 505, 148),
(1236, 506, 72),
(1237, 506, 53),
(1238, 506, 50),
(1239, 507, 22),
(1240, 507, 146),
(1241, 507, 113),
(1242, 508, 22),
(1243, 508, 146),
(1244, 508, 113),
(1245, 509, 7),
(1246, 509, 84),
(1247, 509, 158),
(1248, 510, 7),
(1249, 510, 84),
(1250, 510, 158),
(1251, 511, 82),
(1252, 511, 65),
(1253, 512, 82),
(1254, 512, 65),
(1255, 513, 82),
(1256, 513, 66),
(1257, 514, 82),
(1258, 514, 66),
(1259, 515, 82),
(1260, 515, 67),
(1261, 516, 82),
(1262, 516, 67),
(1263, 517, 108),
(1264, 517, 28),
(1265, 517, 140),
(1266, 518, 108),
(1267, 518, 28),
(1268, 518, 140),
(1269, 519, 145),
(1270, 519, 105),
(1271, 519, 79),
(1272, 520, 145),
(1273, 520, 105),
(1274, 520, 79),
(1275, 521, 145),
(1276, 521, 105),
(1277, 521, 79),
(1278, 522, 31),
(1279, 522, 78),
(1280, 522, 157),
(1281, 523, 31),
(1282, 523, 78),
(1283, 523, 157),
(1284, 524, 5),
(1285, 524, 133),
(1286, 524, 159),
(1287, 525, 5),
(1288, 525, 133),
(1289, 525, 159),
(1290, 526, 5),
(1291, 526, 45),
(1292, 526, 159),
(1293, 527, 109),
(1294, 527, 103),
(1295, 527, 86),
(1296, 528, 109),
(1297, 528, 103),
(1298, 528, 86),
(1299, 529, 146),
(1300, 529, 159),
(1301, 529, 104),
(1302, 530, 146),
(1303, 530, 159),
(1304, 530, 104),
(1305, 531, 131),
(1306, 531, 144),
(1307, 531, 103),
(1308, 532, 62),
(1309, 532, 125),
(1310, 532, 89),
(1311, 533, 62),
(1312, 533, 125),
(1313, 533, 89),
(1314, 534, 62),
(1315, 534, 125),
(1316, 534, 89),
(1317, 535, 33),
(1318, 535, 93),
(1319, 535, 11),
(1320, 536, 33),
(1321, 536, 93),
(1322, 536, 11),
(1323, 537, 33),
(1324, 537, 143),
(1325, 537, 11),
(1326, 538, 62),
(1327, 538, 39),
(1328, 538, 104),
(1329, 539, 5),
(1330, 539, 39),
(1331, 539, 104),
(1332, 540, 68),
(1333, 540, 34),
(1334, 540, 142),
(1335, 541, 102),
(1336, 541, 34),
(1337, 541, 142),
(1338, 542, 68),
(1339, 542, 34),
(1340, 542, 142),
(1341, 543, 38),
(1342, 543, 68),
(1343, 543, 3),
(1344, 544, 38),
(1345, 544, 68),
(1346, 544, 3),
(1347, 545, 38),
(1348, 545, 68),
(1349, 545, 3),
(1350, 546, 158),
(1351, 546, 151),
(1352, 546, 34),
(1353, 547, 158),
(1354, 547, 151),
(1355, 547, 34),
(1356, 548, 34),
(1357, 548, 20),
(1358, 548, 102),
(1359, 549, 34),
(1360, 549, 20),
(1361, 549, 102),
(1362, 550, 120),
(1363, 550, 91),
(1364, 550, 104),
(1365, 551, 22),
(1366, 551, 153),
(1367, 551, 83),
(1368, 552, 22),
(1369, 552, 153),
(1370, 552, 83),
(1371, 553, 22),
(1372, 553, 153),
(1373, 553, 83),
(1374, 554, 55),
(1375, 554, 39),
(1376, 555, 125),
(1377, 555, 161),
(1378, 556, 11),
(1379, 556, 34),
(1380, 556, 114),
(1381, 557, 5),
(1382, 557, 75),
(1383, 557, 133),
(1384, 558, 5),
(1385, 558, 75),
(1386, 558, 133),
(1387, 559, 61),
(1388, 559, 153),
(1389, 559, 22),
(1390, 560, 61),
(1391, 560, 153),
(1392, 560, 22),
(1393, 561, 147),
(1394, 561, 98),
(1395, 561, 110),
(1396, 562, 152),
(1397, 563, 152),
(1398, 564, 116),
(1399, 564, 5),
(1400, 564, 33),
(1401, 565, 116),
(1402, 565, 5),
(1403, 565, 33),
(1404, 566, 129),
(1405, 567, 129),
(1406, 568, 1),
(1407, 568, 60),
(1408, 568, 106),
(1409, 569, 1),
(1410, 569, 133),
(1411, 569, 106),
(1412, 570, 149),
(1413, 571, 149),
(1414, 572, 56),
(1415, 572, 101),
(1416, 572, 92),
(1417, 573, 56),
(1418, 573, 101),
(1419, 573, 92),
(1420, 574, 119),
(1422, 574, 23),
(1423, 575, 119),
(1425, 575, 23),
(1426, 576, 119),
(1428, 576, 23),
(1429, 577, 142),
(1430, 577, 98),
(1431, 577, 144),
(1432, 578, 142),
(1433, 578, 98),
(1434, 578, 144),
(1435, 579, 142),
(1436, 579, 98),
(1437, 579, 144),
(1438, 580, 51),
(1439, 580, 145),
(1440, 580, 93),
(1441, 581, 51),
(1442, 581, 145),
(1443, 581, 93),
(1444, 582, 115),
(1445, 582, 81),
(1446, 582, 133),
(1447, 583, 115),
(1448, 583, 81),
(1449, 583, 133),
(1450, 584, 115),
(1451, 584, 117),
(1452, 584, 133),
(1453, 585, 34),
(1454, 585, 157),
(1455, 585, 32),
(1456, 586, 34),
(1457, 586, 157),
(1458, 586, 32),
(1459, 587, 9),
(1460, 587, 78),
(1461, 588, 68),
(1462, 588, 61),
(1463, 588, 99),
(1464, 589, 68),
(1465, 589, 75),
(1466, 589, 142),
(1467, 590, 27),
(1468, 590, 144),
(1469, 591, 27),
(1470, 591, 144),
(1471, 592, 11),
(1472, 592, 130),
(1473, 592, 6),
(1474, 593, 11),
(1475, 593, 130),
(1476, 593, 6),
(1477, 594, 131),
(1478, 594, 93),
(1479, 594, 144),
(1480, 595, 14),
(1481, 595, 127),
(1482, 595, 68),
(1483, 596, 14),
(1484, 596, 127),
(1485, 596, 68),
(1486, 597, 160),
(1487, 598, 160),
(1488, 598, 107),
(1489, 599, 57),
(1490, 599, 58),
(1491, 599, 29),
(1492, 600, 57),
(1493, 600, 58),
(1494, 600, 29),
(1495, 601, 57),
(1496, 601, 58),
(1497, 601, 29),
(1498, 602, 26),
(1499, 603, 26),
(1500, 604, 26),
(1501, 605, 140),
(1502, 605, 28),
(1503, 605, 148),
(1504, 606, 140),
(1505, 606, 28),
(1506, 606, 148),
(1507, 607, 18),
(1508, 607, 49),
(1509, 607, 151),
(1510, 608, 18),
(1511, 608, 49),
(1512, 608, 151),
(1513, 609, 18),
(1514, 609, 49),
(1515, 609, 151),
(1516, 610, 79),
(1517, 610, 104),
(1518, 610, 127),
(1519, 611, 79),
(1520, 611, 104),
(1521, 611, 127),
(1522, 612, 79),
(1523, 612, 104),
(1524, 612, 127),
(1525, 613, 81),
(1527, 613, 155),
(1528, 614, 81),
(1530, 614, 33),
(1531, 615, 26),
(1532, 616, 93),
(1533, 616, 75),
(1534, 616, 142),
(1535, 617, 93),
(1536, 617, 60),
(1537, 617, 84),
(1538, 618, 9),
(1539, 618, 7),
(1540, 618, 8),
(1541, 619, 39),
(1542, 619, 144),
(1543, 619, 120),
(1544, 620, 39),
(1545, 620, 144),
(1546, 620, 120),
(1547, 621, 24),
(1548, 621, 125),
(1549, 621, 104),
(1550, 622, 89),
(1551, 622, 103),
(1552, 622, 99),
(1553, 623, 89),
(1554, 623, 103),
(1555, 623, 99),
(1556, 624, 128),
(1557, 624, 39),
(1558, 624, 46),
(1559, 625, 128),
(1560, 625, 39),
(1561, 625, 46),
(1562, 626, 120),
(1563, 626, 157),
(1564, 626, 43),
(1565, 627, 51),
(1566, 627, 125),
(1567, 627, 55),
(1568, 628, 51),
(1569, 628, 125),
(1570, 628, 128),
(1571, 629, 145),
(1572, 629, 142),
(1573, 629, 133),
(1574, 630, 145),
(1575, 630, 142),
(1576, 630, 133),
(1577, 631, 82),
(1578, 631, 18),
(1579, 631, 73),
(1580, 632, 68),
(1581, 632, 55),
(1582, 632, 54),
(1583, 633, 55),
(1584, 634, 55),
(1585, 635, 26),
(1586, 636, 49),
(1587, 636, 68),
(1588, 637, 49),
(1589, 637, 68),
(1590, 638, 154),
(1591, 639, 154),
(1592, 640, 154),
(1593, 641, 158),
(1594, 641, 128),
(1595, 642, 158),
(1596, 642, 128),
(1597, 643, 163),
(1598, 644, 164),
(1599, 645, 159),
(1600, 645, 125),
(1601, 646, 46),
(1602, 647, 154),
(1603, 648, 32),
(1604, 649, 88),
(1605, 10001, 46),
(1606, 10002, 46),
(1607, 10003, 46),
(1608, 10004, 107),
(1609, 10004, 142),
(1610, 10005, 107),
(1611, 10005, 142),
(1612, 10006, 32),
(1613, 10007, 26),
(1614, 10008, 26),
(1615, 10009, 26),
(1616, 10010, 26),
(1617, 10011, 26),
(1618, 10012, 26),
(1619, 10013, 59),
(1620, 10014, 59),
(1621, 10015, 59),
(1622, 10016, 69),
(1623, 10016, 91),
(1624, 10016, 104),
(1625, 10017, 125),
(1626, 10017, 161),
(1627, 10018, 32),
(1628, 10019, 144),
(1629, 10020, 10),
(1630, 10021, 22),
(1631, 10022, 164),
(1632, 10023, 163),
(1633, 10024, 154);

-- --------------------------------------------------------

--
-- Estructura de tabla para la tabla `pokemon_evolution`
--

CREATE TABLE `pokemon_evolution` (
  `id` int(11) NOT NULL,
  `evolved_pokemon_id` int(11) NOT NULL,
  `evolution_trigger_id` int(11) NOT NULL,
  `trigger_item_id` int(11) DEFAULT NULL,
  `minimum_level` int(11) DEFAULT NULL
) ENGINE=InnoDB DEFAULT CHARSET=utf8mb4 COLLATE=utf8mb4_general_ci;

--
-- Volcado de datos para la tabla `pokemon_evolution`
--

INSERT INTO `pokemon_evolution` (`id`, `evolved_pokemon_id`, `evolution_trigger_id`, `trigger_item_id`, `minimum_level`) VALUES
(1, 2, 1, NULL, 16),
(2, 3, 1, NULL, 32),
(3, 5, 1, NULL, 16),
(4, 6, 1, NULL, 36),
(5, 8, 1, NULL, 16),
(6, 9, 1, NULL, 36),
(7, 11, 1, NULL, 7),
(8, 12, 1, NULL, 10),
(9, 14, 1, NULL, 7),
(10, 15, 1, NULL, 10),
(11, 17, 1, NULL, 18),
(12, 18, 1, NULL, 36),
(13, 20, 1, NULL, 20),
(14, 22, 1, NULL, 20),
(15, 24, 1, NULL, 22),
(16, 25, 1, NULL, 0),
(17, 26, 3, 83, 0),
(18, 28, 1, NULL, 22),
(19, 30, 1, NULL, 16),
(20, 31, 3, 81, 0),
(21, 33, 1, NULL, 16),
(22, 34, 3, 81, 0),
(23, 35, 1, NULL, 0),
(24, 36, 3, 81, 0),
(25, 38, 3, 82, 0),
(26, 39, 1, NULL, 0),
(27, 40, 3, 81, 0),
(28, 42, 1, NULL, 22),
(29, 44, 1, NULL, 21),
(30, 45, 3, 85, 0),
(31, 47, 1, NULL, 24),
(32, 49, 1, NULL, 31),
(33, 51, 1, NULL, 26),
(34, 53, 1, NULL, 28),
(35, 55, 1, NULL, 33),
(36, 57, 1, NULL, 28),
(37, 59, 3, 82, 0),
(38, 61, 1, NULL, 25),
(39, 62, 3, 84, 0),
(40, 64, 1, NULL, 16),
(41, 65, 2, NULL, 0),
(42, 67, 1, NULL, 28),
(43, 68, 2, NULL, 0),
(44, 70, 1, NULL, 21),
(45, 71, 3, 85, 0),
(46, 73, 1, NULL, 30),
(47, 75, 1, NULL, 25),
(48, 76, 2, NULL, 0),
(49, 78, 1, NULL, 40),
(50, 80, 1, NULL, 37),
(51, 82, 1, NULL, 30),
(52, 85, 1, NULL, 31),
(53, 87, 1, NULL, 34),
(54, 89, 1, NULL, 38),
(55, 91, 3, 84, 0),
(56, 93, 1, NULL, 25),
(57, 94, 2, NULL, 0),
(58, 97, 1, NULL, 26),
(59, 99, 1, NULL, 28),
(60, 101, 1, NULL, 30),
(61, 103, 3, 85, 0),
(62, 105, 1, NULL, 28),
(63, 106, 1, NULL, 20),
(64, 107, 1, NULL, 20),
(65, 110, 1, NULL, 35),
(66, 112, 1, NULL, 42),
(67, 113, 1, NULL, 0),
(68, 117, 1, NULL, 32),
(69, 119, 1, NULL, 33),
(70, 121, 3, 84, 0),
(71, 122, 1, NULL, 0),
(72, 124, 1, NULL, 30),
(73, 125, 1, NULL, 30),
(74, 126, 1, NULL, 30),
(75, 130, 1, NULL, 20),
(76, 134, 3, 84, 0),
(77, 135, 3, 83, 0),
(78, 136, 3, 82, 0),
(79, 139, 1, NULL, 40),
(80, 141, 1, NULL, 40),
(81, 143, 1, NULL, 0),
(82, 148, 1, NULL, 30),
(83, 149, 1, NULL, 55),
(84, 153, 1, NULL, 16),
(85, 154, 1, NULL, 32),
(86, 156, 1, NULL, 14),
(87, 157, 1, NULL, 36),
(88, 159, 1, NULL, 18),
(89, 160, 1, NULL, 30),
(90, 162, 1, NULL, 15),
(91, 164, 1, NULL, 20),
(92, 166, 1, NULL, 18),
(93, 168, 1, NULL, 22),
(94, 169, 1, NULL, 0),
(95, 171, 1, NULL, 27),
(96, 176, 1, NULL, 0),
(97, 178, 1, NULL, 25),
(98, 180, 1, NULL, 15),
(99, 181, 1, NULL, 30),
(100, 182, 3, 80, 0),
(101, 183, 1, NULL, 0),
(102, 184, 1, NULL, 18),
(103, 185, 1, NULL, 0),
(104, 186, 2, NULL, 0),
(105, 188, 1, NULL, 18),
(106, 189, 1, NULL, 27),
(107, 192, 3, 80, 0),
(108, 195, 1, NULL, 20),
(109, 196, 1, NULL, 0),
(110, 197, 1, NULL, 0),
(111, 199, 2, NULL, 0),
(112, 202, 1, NULL, 15),
(113, 205, 1, NULL, 31),
(114, 208, 2, NULL, 0),
(115, 210, 1, NULL, 23),
(116, 212, 2, NULL, 0),
(117, 217, 1, NULL, 30),
(118, 219, 1, NULL, 38),
(119, 221, 1, NULL, 33),
(120, 224, 1, NULL, 25),
(121, 226, 1, NULL, 0),
(122, 229, 1, NULL, 24),
(123, 230, 2, NULL, 0),
(124, 232, 1, NULL, 25),
(125, 233, 2, NULL, 0),
(126, 237, 1, NULL, 20),
(127, 242, 1, NULL, 0),
(128, 247, 1, NULL, 30),
(129, 248, 1, NULL, 55),
(130, 253, 1, NULL, 16),
(131, 254, 1, NULL, 36),
(132, 256, 1, NULL, 16),
(133, 257, 1, NULL, 36),
(134, 259, 1, NULL, 16),
(135, 260, 1, NULL, 36),
(136, 262, 1, NULL, 18),
(137, 264, 1, NULL, 20),
(138, 266, 1, NULL, 7),
(139, 267, 1, NULL, 10),
(140, 268, 1, NULL, 7),
(141, 269, 1, NULL, 10),
(142, 271, 1, NULL, 14),
(143, 272, 3, 84, 0),
(144, 274, 1, NULL, 14),
(145, 275, 3, 85, 0),
(146, 277, 1, NULL, 22),
(147, 279, 1, NULL, 25),
(148, 281, 1, NULL, 20),
(149, 282, 1, NULL, 30),
(150, 284, 1, NULL, 22),
(151, 286, 1, NULL, 23),
(152, 288, 1, NULL, 18),
(153, 289, 1, NULL, 36),
(154, 291, 1, NULL, 20),
(155, 292, 4, NULL, 0),
(156, 294, 1, NULL, 20),
(157, 295, 1, NULL, 40),
(158, 297, 1, NULL, 24),
(159, 301, 3, 81, 0),
(160, 305, 1, NULL, 32),
(161, 306, 1, NULL, 42),
(162, 308, 1, NULL, 37),
(163, 310, 1, NULL, 26),
(164, 315, 1, NULL, 0),
(165, 317, 1, NULL, 26),
(166, 319, 1, NULL, 30),
(167, 321, 1, NULL, 40),
(168, 323, 1, NULL, 33),
(169, 326, 1, NULL, 32),
(170, 329, 1, NULL, 35),
(171, 330, 1, NULL, 45),
(172, 332, 1, NULL, 32),
(173, 334, 1, NULL, 35),
(174, 340, 1, NULL, 30),
(175, 342, 1, NULL, 30),
(176, 344, 1, NULL, 36),
(177, 346, 1, NULL, 40),
(178, 348, 1, NULL, 40),
(179, 350, 1, NULL, 0),
(180, 354, 1, NULL, 37),
(181, 356, 1, NULL, 37),
(182, 358, 1, NULL, 0),
(183, 362, 1, NULL, 42),
(184, 364, 1, NULL, 32),
(185, 365, 1, NULL, 44),
(186, 367, 2, NULL, 0),
(187, 368, 2, NULL, 0),
(188, 372, 1, NULL, 30),
(189, 373, 1, NULL, 50),
(190, 375, 1, NULL, 20),
(191, 376, 1, NULL, 45),
(192, 388, 1, NULL, 18),
(193, 389, 1, NULL, 32),
(194, 391, 1, NULL, 14),
(195, 392, 1, NULL, 36),
(196, 394, 1, NULL, 16),
(197, 395, 1, NULL, 36),
(198, 397, 1, NULL, 14),
(199, 398, 1, NULL, 34),
(200, 400, 1, NULL, 15),
(201, 402, 1, NULL, 10),
(202, 404, 1, NULL, 15),
(203, 405, 1, NULL, 30),
(204, 407, 3, 107, 0),
(205, 409, 1, NULL, 30),
(206, 411, 1, NULL, 30),
(207, 413, 1, NULL, 20),
(208, 414, 1, NULL, 20),
(209, 416, 1, NULL, 21),
(210, 419, 1, NULL, 26),
(211, 421, 1, NULL, 25),
(212, 423, 1, NULL, 30),
(213, 424, 1, NULL, 0),
(214, 426, 1, NULL, 28),
(215, 428, 1, NULL, 0),
(216, 429, 3, 108, 0),
(217, 430, 3, 108, 0),
(218, 432, 1, NULL, 38),
(219, 435, 1, NULL, 34),
(220, 437, 1, NULL, 33),
(221, 444, 1, NULL, 24),
(222, 445, 1, NULL, 48),
(223, 448, 1, NULL, 0),
(224, 450, 1, NULL, 34),
(225, 452, 1, NULL, 40),
(226, 454, 1, NULL, 37),
(227, 457, 1, NULL, 31),
(228, 460, 1, NULL, 40),
(229, 461, 1, NULL, 0),
(230, 462, 1, NULL, 0),
(231, 463, 1, NULL, 0),
(232, 464, 2, NULL, 0),
(233, 465, 1, NULL, 0),
(234, 466, 2, NULL, 0),
(235, 467, 2, NULL, 0),
(236, 468, 3, 107, 0),
(237, 469, 1, NULL, 0),
(238, 470, 1, NULL, 0),
(239, 471, 1, NULL, 0),
(240, 472, 1, NULL, 0),
(241, 473, 1, NULL, 0),
(242, 474, 2, NULL, 0),
(243, 475, 3, 109, 0),
(244, 476, 1, NULL, 0),
(245, 477, 2, NULL, 0),
(246, 478, 3, 109, 0),
(247, 496, 1, NULL, 17),
(248, 497, 1, NULL, 36),
(249, 499, 1, NULL, 17),
(250, 500, 1, NULL, 36),
(251, 502, 1, NULL, 17),
(252, 503, 1, NULL, 36),
(253, 505, 1, NULL, 20),
(254, 507, 1, NULL, 16),
(255, 508, 1, NULL, 32),
(256, 510, 1, NULL, 20),
(257, 512, 3, 85, 0),
(258, 514, 3, 82, 0),
(259, 516, 3, 84, 0),
(260, 518, 3, 81, 0),
(261, 520, 1, NULL, 21),
(262, 521, 1, NULL, 32),
(263, 523, 1, NULL, 27),
(264, 525, 1, NULL, 25),
(265, 526, 2, NULL, 0),
(266, 528, 1, NULL, 0),
(267, 530, 1, NULL, 31),
(268, 533, 1, NULL, 25),
(269, 534, 2, NULL, 0),
(270, 536, 1, NULL, 25),
(271, 537, 1, NULL, 36),
(272, 541, 1, NULL, 20),
(273, 542, 1, NULL, 0),
(274, 544, 1, NULL, 22),
(275, 545, 1, NULL, 30),
(276, 547, 3, 80, 0),
(277, 549, 3, 80, 0),
(278, 552, 1, NULL, 29),
(279, 553, 1, NULL, 40),
(280, 555, 1, NULL, 35),
(281, 558, 1, NULL, 34),
(282, 560, 1, NULL, 39),
(283, 563, 1, NULL, 34),
(284, 565, 1, NULL, 37),
(285, 567, 1, NULL, 37),
(286, 569, 1, NULL, 36),
(287, 571, 1, NULL, 30),
(288, 573, 3, 107, 0),
(289, 575, 1, NULL, 32),
(290, 576, 1, NULL, 41),
(291, 578, 1, NULL, 32),
(292, 579, 1, NULL, 41),
(293, 581, 1, NULL, 35),
(294, 583, 1, NULL, 35),
(295, 584, 1, NULL, 47),
(296, 586, 1, NULL, 34),
(297, 589, 2, NULL, 0),
(298, 591, 1, NULL, 39),
(299, 593, 1, NULL, 40),
(300, 596, 1, NULL, 36),
(301, 598, 1, NULL, 40),
(302, 600, 1, NULL, 38),
(303, 601, 1, NULL, 49),
(304, 603, 1, NULL, 39),
(305, 604, 3, 83, 0),
(306, 606, 1, NULL, 42),
(307, 608, 1, NULL, 41),
(308, 609, 3, 108, 0),
(309, 611, 1, NULL, 38),
(310, 612, 1, NULL, 48),
(311, 614, 1, NULL, 37),
(312, 617, 2, NULL, 0),
(313, 620, 1, NULL, 50),
(314, 623, 1, NULL, 43),
(315, 625, 1, NULL, 52),
(316, 628, 1, NULL, 54),
(317, 630, 1, NULL, 54),
(318, 634, 1, NULL, 50),
(319, 635, 1, NULL, 64),
(320, 637, 1, NULL, 59),
(321, 350, 2, NULL, 0),
(322, 462, 1, NULL, 0),
(323, 476, 1, NULL, 0),
(324, 470, 1, NULL, 0),
(325, 471, 1, NULL, 0),
(362, 462, 1, NULL, 0),
(363, 470, 1, NULL, 0),
(364, 471, 1, NULL, 0),
(365, 476, 1, NULL, 0),
(366, 462, 1, NULL, 0),
(367, 105, 1, NULL, 28),
(370, 476, 1, NULL, 0),
(371, 350, 1, NULL, 0),
(406, 462, 3, 83, 0),
(407, 470, 3, 85, 0),
(408, 471, 3, 885, 0),
(448, 28, 3, 885, 0),
(449, 38, 3, 885, 0),
(450, 53, 1, NULL, 0),
(452, 80, 3, 1633, 0),
(453, 199, 3, 1643, 0),
(458, 555, 3, 885, 0),
(461, 20, 1, NULL, 20);

-- --------------------------------------------------------

--
-- Estructura de tabla para la tabla `pokemon_evolves`
--

CREATE TABLE `pokemon_evolves` (
  `id` int(11) NOT NULL,
  `pokemon_id` int(11) DEFAULT NULL,
  `evolves_from_species_id` int(11) DEFAULT NULL,
  `evolution_chain_id` int(11) DEFAULT NULL
) ENGINE=InnoDB DEFAULT CHARSET=utf8mb4 COLLATE=utf8mb4_general_ci;

--
-- Volcado de datos para la tabla `pokemon_evolves`
--

INSERT INTO `pokemon_evolves` (`id`, `pokemon_id`, `evolves_from_species_id`, `evolution_chain_id`) VALUES
(1, 1, NULL, 1),
(2, 2, 1, 1),
(3, 3, 2, 1),
(4, 4, NULL, 2),
(5, 5, 4, 2),
(6, 6, 5, 2),
(7, 7, NULL, 3),
(8, 8, 7, 3),
(9, 9, 8, 3),
(10, 10, NULL, 4),
(11, 11, 10, 4),
(12, 12, 11, 4),
(13, 13, NULL, 5),
(14, 14, 13, 5),
(15, 15, 14, 5),
(16, 16, NULL, 6),
(17, 17, 16, 6),
(18, 18, 17, 6),
(19, 19, NULL, 7),
(20, 20, 19, 7),
(21, 21, NULL, 8),
(22, 22, 21, 8),
(23, 23, NULL, 9),
(24, 24, 23, 9),
(25, 25, 172, 10),
(26, 26, 25, 10),
(27, 27, NULL, 11),
(28, 28, 27, 11),
(29, 29, NULL, 12),
(30, 30, 29, 12),
(31, 31, 30, 12),
(32, 32, NULL, 13),
(33, 33, 32, 13),
(34, 34, 33, 13),
(35, 35, 173, 14),
(36, 36, 35, 14),
(37, 37, NULL, 15),
(38, 38, 37, 15),
(39, 39, 174, 16),
(40, 40, 39, 16),
(41, 41, NULL, 17),
(42, 42, 41, 17),
(43, 43, NULL, 18),
(44, 44, 43, 18),
(45, 45, 44, 18),
(46, 46, NULL, 19),
(47, 47, 46, 19),
(48, 48, NULL, 20),
(49, 49, 48, 20),
(50, 50, NULL, 21),
(51, 51, 50, 21),
(52, 52, NULL, 22),
(53, 53, 52, 22),
(54, 54, NULL, 23),
(55, 55, 54, 23),
(56, 56, NULL, 24),
(57, 57, 56, 24),
(58, 58, NULL, 25),
(59, 59, 58, 25),
(60, 60, NULL, 26),
(61, 61, 60, 26),
(62, 62, 61, 26),
(63, 63, NULL, 27),
(64, 64, 63, 27),
(65, 65, 64, 27),
(66, 66, NULL, 28),
(67, 67, 66, 28),
(68, 68, 67, 28),
(69, 69, NULL, 29),
(70, 70, 69, 29),
(71, 71, 70, 29),
(72, 72, NULL, 30),
(73, 73, 72, 30),
(74, 74, NULL, 31),
(75, 75, 74, 31),
(76, 76, 75, 31),
(77, 77, NULL, 32),
(78, 78, 77, 32),
(79, 79, NULL, 33),
(80, 80, 79, 33),
(81, 81, NULL, 34),
(82, 82, 81, 34),
(83, 83, NULL, 35),
(84, 84, NULL, 36),
(85, 85, 84, 36),
(86, 86, NULL, 37),
(87, 87, 86, 37),
(88, 88, NULL, 38),
(89, 89, 88, 38),
(90, 90, NULL, 39),
(91, 91, 90, 39),
(92, 92, NULL, 40),
(93, 93, 92, 40),
(94, 94, 93, 40),
(95, 95, NULL, 41),
(96, 96, NULL, 42),
(97, 97, 96, 42),
(98, 98, NULL, 43),
(99, 99, 98, 43),
(100, 100, NULL, 44),
(101, 101, 100, 44),
(102, 102, NULL, 45),
(103, 103, 102, 45),
(104, 104, NULL, 46),
(105, 105, 104, 46),
(106, 106, 236, 47),
(107, 107, 236, 47),
(108, 108, NULL, 48),
(109, 109, NULL, 49),
(110, 110, 109, 49),
(111, 111, NULL, 50),
(112, 112, 111, 50),
(113, 113, 440, 51),
(114, 114, NULL, 52),
(115, 115, NULL, 53),
(116, 116, NULL, 54),
(117, 117, 116, 54),
(118, 118, NULL, 55),
(119, 119, 118, 55),
(120, 120, NULL, 56),
(121, 121, 120, 56),
(122, 122, 439, 57),
(123, 123, NULL, 58),
(124, 124, 238, 59),
(125, 125, 239, 60),
(126, 126, 240, 61),
(127, 127, NULL, 62),
(128, 128, NULL, 63),
(129, 129, NULL, 64),
(130, 130, 129, 64),
(131, 131, NULL, 65),
(132, 132, NULL, 66),
(133, 133, NULL, 67),
(134, 134, 133, 67),
(135, 135, 133, 67),
(136, 136, 133, 67),
(137, 137, NULL, 68),
(138, 138, NULL, 69),
(139, 139, 138, 69),
(140, 140, NULL, 70),
(141, 141, 140, 70),
(142, 142, NULL, 71),
(143, 143, 446, 72),
(144, 144, NULL, 73),
(145, 145, NULL, 74),
(146, 146, NULL, 75),
(147, 147, NULL, 76),
(148, 148, 147, 76),
(149, 149, 148, 76),
(150, 150, NULL, 77),
(151, 151, NULL, 78),
(152, 152, NULL, 79),
(153, 153, 152, 79),
(154, 154, 153, 79),
(155, 155, NULL, 80),
(156, 156, 155, 80),
(157, 157, 156, 80),
(158, 158, NULL, 81),
(159, 159, 158, 81),
(160, 160, 159, 81),
(161, 161, NULL, 82),
(162, 162, 161, 82),
(163, 163, NULL, 83),
(164, 164, 163, 83),
(165, 165, NULL, 84),
(166, 166, 165, 84),
(167, 167, NULL, 85),
(168, 168, 167, 85),
(169, 169, 42, 17),
(170, 170, NULL, 86),
(171, 171, 170, 86),
(172, 172, NULL, 10),
(173, 173, NULL, 14),
(174, 174, NULL, 16),
(175, 175, NULL, 87),
(176, 176, 175, 87),
(177, 177, NULL, 88),
(178, 178, 177, 88),
(179, 179, NULL, 89),
(180, 180, 179, 89),
(181, 181, 180, 89),
(182, 182, 44, 18),
(183, 183, 298, 90),
(184, 184, 183, 90),
(185, 185, 438, 91),
(186, 186, 61, 26),
(187, 187, NULL, 92),
(188, 188, 187, 92),
(189, 189, 188, 92),
(190, 190, NULL, 93),
(191, 191, NULL, 94),
(192, 192, 191, 94),
(193, 193, NULL, 95),
(194, 194, NULL, 96),
(195, 195, 194, 96),
(196, 196, 133, 67),
(197, 197, 133, 67),
(198, 198, NULL, 97),
(199, 199, 79, 33),
(200, 200, NULL, 98),
(201, 201, NULL, 99),
(202, 202, 360, 100),
(203, 203, NULL, 101),
(204, 204, NULL, 102),
(205, 205, 204, 102),
(206, 206, NULL, 103),
(207, 207, NULL, 104),
(208, 208, 95, 41),
(209, 209, NULL, 105),
(210, 210, 209, 105),
(211, 211, NULL, 106),
(212, 212, 123, 58),
(213, 213, NULL, 107),
(214, 214, NULL, 108),
(215, 215, NULL, 109),
(216, 216, NULL, 110),
(217, 217, 216, 110),
(218, 218, NULL, 111),
(219, 219, 218, 111),
(220, 220, NULL, 112),
(221, 221, 220, 112),
(222, 222, NULL, 113),
(223, 223, NULL, 114),
(224, 224, 223, 114),
(225, 225, NULL, 115),
(226, 226, 458, 116),
(227, 227, NULL, 117),
(228, 228, NULL, 118),
(229, 229, 228, 118),
(230, 230, 117, 54),
(231, 231, NULL, 119),
(232, 232, 231, 119),
(233, 233, 137, 68),
(234, 234, NULL, 120),
(235, 235, NULL, 121),
(236, 236, NULL, 47),
(237, 237, 236, 47),
(238, 238, NULL, 59),
(239, 239, NULL, 60),
(240, 240, NULL, 61),
(241, 241, NULL, 122),
(242, 242, 113, 51),
(243, 243, NULL, 123),
(244, 244, NULL, 124),
(245, 245, NULL, 125),
(246, 246, NULL, 126),
(247, 247, 246, 126),
(248, 248, 247, 126),
(249, 249, NULL, 127),
(250, 250, NULL, 128),
(251, 251, NULL, 129),
(252, 252, NULL, 130),
(253, 253, 252, 130),
(254, 254, 253, 130),
(255, 255, NULL, 131),
(256, 256, 255, 131),
(257, 257, 256, 131),
(258, 258, NULL, 132),
(259, 259, 258, 132),
(260, 260, 259, 132),
(261, 261, NULL, 133),
(262, 262, 261, 133),
(263, 263, NULL, 134),
(264, 264, 263, 134),
(265, 265, NULL, 135),
(266, 266, 265, 135),
(267, 267, 266, 135),
(268, 268, 265, 135),
(269, 269, 268, 135),
(270, 270, NULL, 136),
(271, 271, 270, 136),
(272, 272, 271, 136),
(273, 273, NULL, 137),
(274, 274, 273, 137),
(275, 275, 274, 137),
(276, 276, NULL, 138),
(277, 277, 276, 138),
(278, 278, NULL, 139),
(279, 279, 278, 139),
(280, 280, NULL, 140),
(281, 281, 280, 140),
(282, 282, 281, 140),
(283, 283, NULL, 141),
(284, 284, 283, 141),
(285, 285, NULL, 142),
(286, 286, 285, 142),
(287, 287, NULL, 143),
(288, 288, 287, 143),
(289, 289, 288, 143),
(290, 290, NULL, 144),
(291, 291, 290, 144),
(292, 292, 290, 144),
(293, 293, NULL, 145),
(294, 294, 293, 145),
(295, 295, 294, 145),
(296, 296, NULL, 146),
(297, 297, 296, 146),
(298, 298, NULL, 90),
(299, 299, NULL, 147),
(300, 300, NULL, 148),
(301, 301, 300, 148),
(302, 302, NULL, 149),
(303, 303, NULL, 150),
(304, 304, NULL, 151),
(305, 305, 304, 151),
(306, 306, 305, 151),
(307, 307, NULL, 152),
(308, 308, 307, 152),
(309, 309, NULL, 153),
(310, 310, 309, 153),
(311, 311, NULL, 154),
(312, 312, NULL, 155),
(313, 313, NULL, 156),
(314, 314, NULL, 157),
(315, 315, 406, 158),
(316, 316, NULL, 159),
(317, 317, 316, 159),
(318, 318, NULL, 160),
(319, 319, 318, 160),
(320, 320, NULL, 161),
(321, 321, 320, 161),
(322, 322, NULL, 162),
(323, 323, 322, 162),
(324, 324, NULL, 163),
(325, 325, NULL, 164),
(326, 326, 325, 164),
(327, 327, NULL, 165),
(328, 328, NULL, 166),
(329, 329, 328, 166),
(330, 330, 329, 166),
(331, 331, NULL, 167),
(332, 332, 331, 167),
(333, 333, NULL, 168),
(334, 334, 333, 168),
(335, 335, NULL, 169),
(336, 336, NULL, 170),
(337, 337, NULL, 171),
(338, 338, NULL, 172),
(339, 339, NULL, 173),
(340, 340, 339, 173),
(341, 341, NULL, 174),
(342, 342, 341, 174),
(343, 343, NULL, 175),
(344, 344, 343, 175),
(345, 345, NULL, 176),
(346, 346, 345, 176),
(347, 347, NULL, 177),
(348, 348, 347, 177),
(349, 349, NULL, 178),
(350, 350, 349, 178),
(351, 351, NULL, 179),
(352, 352, NULL, 180),
(353, 353, NULL, 181),
(354, 354, 353, 181),
(355, 355, NULL, 182),
(356, 356, 355, 182),
(357, 357, NULL, 183),
(358, 358, 433, 184),
(359, 359, NULL, 185),
(360, 360, NULL, 100),
(361, 361, NULL, 186),
(362, 362, 361, 186),
(363, 363, NULL, 187),
(364, 364, 363, 187),
(365, 365, 364, 187),
(366, 366, NULL, 188),
(367, 367, 366, 188),
(368, 368, 366, 188),
(369, 369, NULL, 189),
(370, 370, NULL, 190),
(371, 371, NULL, 191),
(372, 372, 371, 191),
(373, 373, 372, 191),
(374, 374, NULL, 192),
(375, 375, 374, 192),
(376, 376, 375, 192),
(377, 377, NULL, 193),
(378, 378, NULL, 194),
(379, 379, NULL, 195),
(380, 380, NULL, 196),
(381, 381, NULL, 197),
(382, 382, NULL, 198),
(383, 383, NULL, 199),
(384, 384, NULL, 200),
(385, 385, NULL, 201),
(386, 386, NULL, 202),
(387, 387, NULL, 203),
(388, 388, 387, 203),
(389, 389, 388, 203),
(390, 390, NULL, 204),
(391, 391, 390, 204),
(392, 392, 391, 204),
(393, 393, NULL, 205),
(394, 394, 393, 205),
(395, 395, 394, 205),
(396, 396, NULL, 206),
(397, 397, 396, 206),
(398, 398, 397, 206),
(399, 399, NULL, 207),
(400, 400, 399, 207),
(401, 401, NULL, 208),
(402, 402, 401, 208),
(403, 403, NULL, 209),
(404, 404, 403, 209),
(405, 405, 404, 209),
(406, 406, NULL, 158),
(407, 407, 315, 158),
(408, 408, NULL, 211),
(409, 409, 408, 211),
(410, 410, NULL, 212),
(411, 411, 410, 212),
(412, 412, NULL, 213),
(413, 413, 412, 213),
(414, 414, 412, 213),
(415, 415, NULL, 214),
(416, 416, 415, 214),
(417, 417, NULL, 215),
(418, 418, NULL, 216),
(419, 419, 418, 216),
(420, 420, NULL, 217),
(421, 421, 420, 217),
(422, 422, NULL, 218),
(423, 423, 422, 218),
(424, 424, 190, 93),
(425, 425, NULL, 219),
(426, 426, 425, 219),
(427, 427, NULL, 220),
(428, 428, 427, 220),
(429, 429, 200, 98),
(430, 430, 198, 97),
(431, 431, NULL, 221),
(432, 432, 431, 221),
(433, 433, NULL, 184),
(434, 434, NULL, 223),
(435, 435, 434, 223),
(436, 436, NULL, 224),
(437, 437, 436, 224),
(438, 438, NULL, 91),
(439, 439, NULL, 57),
(440, 440, NULL, 51),
(441, 441, NULL, 228),
(442, 442, NULL, 229),
(443, 443, NULL, 230),
(444, 444, 443, 230),
(445, 445, 444, 230),
(446, 446, NULL, 72),
(447, 447, NULL, 232),
(448, 448, 447, 232),
(449, 449, NULL, 233),
(450, 450, 449, 233),
(451, 451, NULL, 234),
(452, 452, 451, 234),
(453, 453, NULL, 235),
(454, 454, 453, 235),
(455, 455, NULL, 236),
(456, 456, NULL, 237),
(457, 457, 456, 237),
(458, 458, NULL, 116),
(459, 459, NULL, 239),
(460, 460, 459, 239),
(461, 461, 215, 109),
(462, 462, 82, 34),
(463, 463, 108, 48),
(464, 464, 112, 50),
(465, 465, 114, 52),
(466, 466, 125, 60),
(467, 467, 126, 61),
(468, 468, 176, 87),
(469, 469, 193, 95),
(470, 470, 133, 67),
(471, 471, 133, 67),
(472, 472, 207, 104),
(473, 473, 221, 112),
(474, 474, 233, 68),
(475, 475, 281, 140),
(476, 476, 299, 147),
(477, 477, 356, 182),
(478, 478, 361, 186),
(479, 479, NULL, 240),
(480, 480, NULL, 241),
(481, 481, NULL, 242),
(482, 482, NULL, 243),
(483, 483, NULL, 244),
(484, 484, NULL, 245),
(485, 485, NULL, 246),
(486, 486, NULL, 247),
(487, 487, NULL, 248),
(488, 488, NULL, 249),
(489, 489, NULL, 250),
(490, 490, NULL, 250),
(491, 491, NULL, 252),
(492, 492, NULL, 253),
(493, 493, NULL, 254),
(494, 494, NULL, 255),
(495, 495, NULL, 256),
(496, 496, 495, 256),
(497, 497, 496, 256),
(498, 498, NULL, 257),
(499, 499, 498, 257),
(500, 500, 499, 257),
(501, 501, NULL, 258),
(502, 502, 501, 258),
(503, 503, 502, 258),
(504, 504, NULL, 259),
(505, 505, 504, 259),
(506, 506, NULL, 260),
(507, 507, 506, 260),
(508, 508, 507, 260),
(509, 509, NULL, 261),
(510, 510, 509, 261),
(511, 511, NULL, 262),
(512, 512, 511, 262),
(513, 513, NULL, 263),
(514, 514, 513, 263),
(515, 515, NULL, 264),
(516, 516, 515, 264),
(517, 517, NULL, 265),
(518, 518, 517, 265),
(519, 519, NULL, 266),
(520, 520, 519, 266),
(521, 521, 520, 266),
(522, 522, NULL, 267),
(523, 523, 522, 267),
(524, 524, NULL, 268),
(525, 525, 524, 268),
(526, 526, 525, 268),
(527, 527, NULL, 269),
(528, 528, 527, 269),
(529, 529, NULL, 270),
(530, 530, 529, 270),
(531, 531, NULL, 271),
(532, 532, NULL, 272),
(533, 533, 532, 272),
(534, 534, 533, 272),
(535, 535, NULL, 273),
(536, 536, 535, 273),
(537, 537, 536, 273),
(538, 538, NULL, 274),
(539, 539, NULL, 275),
(540, 540, NULL, 276),
(541, 541, 540, 276),
(542, 542, 541, 276),
(543, 543, NULL, 277),
(544, 544, 543, 277),
(545, 545, 544, 277),
(546, 546, NULL, 278),
(547, 547, 546, 278),
(548, 548, NULL, 279),
(549, 549, 548, 279),
(550, 550, NULL, 280),
(551, 551, NULL, 281),
(552, 552, 551, 281),
(553, 553, 552, 281),
(554, 554, NULL, 282),
(555, 555, 554, 282),
(556, 556, NULL, 283),
(557, 557, NULL, 284),
(558, 558, 557, 284),
(559, 559, NULL, 285),
(560, 560, 559, 285),
(561, 561, NULL, 286),
(562, 562, NULL, 287),
(563, 563, 562, 287),
(564, 564, NULL, 288),
(565, 565, 564, 288),
(566, 566, NULL, 289),
(567, 567, 566, 289),
(568, 568, NULL, 290),
(569, 569, 568, 290),
(570, 570, NULL, 291),
(571, 571, 570, 291),
(572, 572, NULL, 292),
(573, 573, 572, 292),
(574, 574, NULL, 293),
(575, 575, 574, 293),
(576, 576, 575, 293),
(577, 577, NULL, 294),
(578, 578, 577, 294),
(579, 579, 578, 294),
(580, 580, NULL, 295),
(581, 581, 580, 295),
(582, 582, NULL, 296),
(583, 583, 582, 296),
(584, 584, 583, 296),
(585, 585, NULL, 297),
(586, 586, 585, 297),
(587, 587, NULL, 298),
(588, 588, NULL, 299),
(589, 589, 588, 299),
(590, 590, NULL, 300),
(591, 591, 590, 300),
(592, 592, NULL, 301),
(593, 593, 592, 301),
(594, 594, NULL, 302),
(595, 595, NULL, 303),
(596, 596, 595, 303),
(597, 597, NULL, 304),
(598, 598, 597, 304),
(599, 599, NULL, 305),
(600, 600, 599, 305),
(601, 601, 600, 305),
(602, 602, NULL, 306),
(603, 603, 602, 306),
(604, 604, 603, 306),
(605, 605, NULL, 307),
(606, 606, 605, 307),
(607, 607, NULL, 308),
(608, 608, 607, 308),
(609, 609, 608, 308),
(610, 610, NULL, 309),
(611, 611, 610, 309),
(612, 612, 611, 309),
(613, 613, NULL, 310),
(614, 614, 613, 310),
(615, 615, NULL, 311),
(616, 616, NULL, 312),
(617, 617, 616, 312),
(618, 618, NULL, 313),
(619, 619, NULL, 314),
(620, 620, 619, 314),
(621, 621, NULL, 315),
(622, 622, NULL, 316),
(623, 623, 622, 316),
(624, 624, NULL, 317),
(625, 625, 624, 317),
(626, 626, NULL, 318),
(627, 627, NULL, 319),
(628, 628, 627, 319),
(629, 629, NULL, 320),
(630, 630, 629, 320),
(631, 631, NULL, 321),
(632, 632, NULL, 322),
(633, 633, NULL, 323),
(634, 634, 633, 323),
(635, 635, 634, 323),
(636, 636, NULL, 324),
(637, 637, 636, 324),
(638, 638, NULL, 325),
(639, 639, NULL, 326),
(640, 640, NULL, 327),
(641, 641, NULL, 328),
(642, 642, NULL, 329),
(643, 643, NULL, 330),
(644, 644, NULL, 331),
(645, 645, NULL, 332),
(646, 646, NULL, 333),
(647, 647, NULL, 334),
(648, 648, NULL, 335),
(649, 649, NULL, 336);

-- --------------------------------------------------------

--
-- Estructura de tabla para la tabla `pokemon_types`
--

CREATE TABLE `pokemon_types` (
  `id` int(11) NOT NULL,
  `pokemon_id` int(11) DEFAULT NULL,
  `type_id` int(11) DEFAULT NULL
) ENGINE=InnoDB DEFAULT CHARSET=utf8mb4 COLLATE=utf8mb4_general_ci;

--
-- Volcado de datos para la tabla `pokemon_types`
--

INSERT INTO `pokemon_types` (`id`, `pokemon_id`, `type_id`) VALUES
(52, 1, 12),
(53, 1, 4),
(54, 2, 12),
(55, 2, 4),
(56, 3, 12),
(57, 3, 4),
(58, 4, 10),
(59, 5, 10),
(60, 6, 10),
(61, 6, 3),
(62, 7, 11),
(63, 8, 11),
(64, 9, 11),
(65, 10, 7),
(66, 11, 7),
(67, 12, 7),
(68, 12, 3),
(69, 13, 7),
(70, 13, 4),
(71, 14, 7),
(72, 14, 4),
(73, 15, 7),
(74, 15, 4),
(75, 16, 3),
(76, 16, 1),
(77, 17, 3),
(78, 17, 1),
(79, 18, 3),
(80, 18, 1),
(81, 19, 1),
(82, 20, 1),
(83, 21, 3),
(84, 21, 1),
(85, 22, 3),
(86, 22, 1),
(87, 23, 4),
(88, 24, 4),
(89, 25, 13),
(90, 26, 13),
(91, 27, 5),
(92, 28, 5),
(93, 29, 4),
(94, 30, 4),
(95, 31, 5),
(96, 31, 4),
(97, 32, 4),
(98, 33, 4),
(99, 34, 5),
(100, 34, 4),
(101, 37, 10),
(102, 38, 10),
(103, 39, 1),
(104, 40, 1),
(105, 41, 4),
(106, 41, 3),
(107, 42, 4),
(108, 42, 3),
(109, 43, 12),
(110, 43, 4),
(111, 44, 12),
(112, 44, 4),
(113, 45, 12),
(114, 45, 4),
(115, 46, 12),
(116, 46, 7),
(117, 47, 12),
(118, 47, 7),
(119, 48, 7),
(120, 48, 4),
(121, 49, 7),
(122, 49, 4),
(123, 50, 5),
(124, 51, 5),
(125, 52, 1),
(126, 53, 1),
(127, 54, 11),
(128, 55, 11),
(129, 56, 2),
(130, 57, 2),
(131, 58, 10),
(132, 59, 10),
(133, 60, 11),
(134, 61, 11),
(135, 62, 11),
(136, 62, 2),
(137, 63, 14),
(138, 64, 14),
(139, 65, 14),
(140, 66, 2),
(141, 67, 2),
(142, 68, 2),
(143, 69, 12),
(144, 69, 4),
(145, 70, 12),
(146, 70, 4),
(147, 71, 12),
(148, 71, 4),
(149, 72, 11),
(150, 72, 4),
(151, 73, 11),
(152, 73, 4),
(153, 74, 6),
(154, 74, 5),
(155, 75, 6),
(156, 75, 5),
(157, 76, 6),
(158, 76, 5),
(159, 77, 10),
(160, 78, 10),
(161, 79, 14),
(162, 79, 11),
(163, 80, 14),
(164, 80, 11),
(165, 81, 13),
(166, 81, 9),
(167, 82, 13),
(168, 82, 9),
(169, 83, 3),
(170, 83, 1),
(171, 84, 3),
(172, 84, 1),
(173, 85, 3),
(174, 85, 1),
(175, 86, 11),
(176, 87, 15),
(177, 87, 11),
(178, 88, 4),
(179, 89, 4),
(180, 90, 11),
(181, 91, 15),
(182, 91, 11),
(183, 92, 8),
(184, 92, 4),
(185, 93, 8),
(186, 93, 4),
(187, 94, 8),
(188, 94, 4),
(189, 95, 6),
(190, 95, 5),
(191, 96, 14),
(192, 97, 14),
(193, 98, 11),
(194, 99, 11),
(195, 100, 13),
(196, 101, 13),
(197, 102, 14),
(198, 102, 12),
(199, 103, 14),
(200, 103, 12),
(201, 104, 5),
(202, 105, 5),
(203, 106, 2),
(204, 107, 2),
(205, 108, 1),
(206, 109, 4),
(207, 110, 4),
(208, 111, 6),
(209, 111, 5),
(210, 112, 6),
(211, 112, 5),
(212, 113, 1),
(213, 114, 12),
(214, 115, 1),
(215, 116, 11),
(216, 117, 11),
(217, 118, 11),
(218, 119, 11),
(219, 120, 11),
(220, 121, 14),
(221, 121, 11),
(222, 122, 14),
(223, 123, 7),
(224, 123, 3),
(225, 124, 15),
(226, 124, 14),
(227, 125, 13),
(228, 126, 10),
(229, 127, 7),
(230, 128, 1),
(231, 129, 11),
(232, 130, 11),
(233, 130, 3),
(234, 131, 15),
(235, 131, 11),
(236, 132, 1),
(237, 133, 1),
(238, 134, 11),
(239, 135, 13),
(240, 136, 10),
(241, 137, 1),
(242, 138, 11),
(243, 138, 6),
(244, 139, 11),
(245, 139, 6),
(246, 140, 11),
(247, 140, 6),
(248, 141, 11),
(249, 141, 6),
(250, 142, 6),
(251, 142, 3),
(252, 143, 1),
(253, 144, 15),
(254, 144, 3),
(255, 145, 13),
(256, 145, 3),
(257, 146, 10),
(258, 146, 3),
(259, 147, 16),
(260, 148, 16),
(261, 149, 16),
(262, 149, 3),
(263, 150, 14),
(264, 151, 14),
(265, 152, 12),
(266, 153, 12),
(267, 154, 12),
(268, 155, 10),
(269, 156, 10),
(270, 157, 10),
(271, 158, 11),
(272, 159, 11),
(273, 160, 11),
(274, 161, 1),
(275, 162, 1),
(276, 163, 3),
(277, 163, 1),
(278, 164, 3),
(279, 164, 1),
(280, 165, 7),
(281, 165, 3),
(282, 166, 7),
(283, 166, 3),
(284, 167, 7),
(285, 167, 4),
(286, 168, 7),
(287, 168, 4),
(288, 169, 4),
(289, 169, 3),
(290, 170, 13),
(291, 170, 11),
(292, 171, 13),
(293, 171, 11),
(294, 172, 13),
(295, 174, 1),
(296, 176, 3),
(297, 177, 14),
(298, 177, 3),
(299, 178, 14),
(300, 178, 3),
(301, 179, 13),
(302, 180, 13),
(303, 181, 13),
(304, 182, 12),
(305, 183, 11),
(306, 184, 11),
(307, 185, 6),
(308, 186, 11),
(309, 187, 12),
(310, 187, 3),
(311, 188, 12),
(312, 188, 3),
(313, 189, 12),
(314, 189, 3),
(315, 190, 1),
(316, 191, 12),
(317, 192, 12),
(318, 193, 7),
(319, 193, 3),
(320, 194, 11),
(321, 194, 5),
(322, 195, 11),
(323, 195, 5),
(324, 196, 14),
(325, 197, 17),
(326, 198, 17),
(327, 198, 3),
(328, 199, 14),
(329, 199, 11),
(330, 200, 8),
(331, 201, 14),
(332, 202, 14),
(333, 203, 14),
(334, 203, 1),
(335, 204, 7),
(336, 205, 9),
(337, 205, 7),
(338, 206, 1),
(339, 207, 5),
(340, 207, 3),
(341, 208, 9),
(342, 208, 5),
(343, 211, 11),
(344, 211, 4),
(345, 212, 9),
(346, 212, 7),
(347, 213, 7),
(348, 213, 6),
(349, 214, 7),
(350, 214, 2),
(351, 215, 17),
(352, 215, 15),
(353, 216, 1),
(354, 217, 1),
(355, 218, 10),
(356, 219, 10),
(357, 219, 6),
(358, 220, 15),
(359, 220, 5),
(360, 221, 15),
(361, 221, 5),
(362, 222, 11),
(363, 222, 6),
(364, 223, 11),
(365, 224, 11),
(366, 225, 15),
(367, 225, 3),
(368, 226, 11),
(369, 226, 3),
(370, 227, 9),
(371, 227, 3),
(372, 228, 17),
(373, 228, 10),
(374, 229, 17),
(375, 229, 10),
(376, 230, 16),
(377, 230, 11),
(378, 231, 5),
(379, 232, 5),
(380, 233, 1),
(381, 234, 1),
(382, 235, 1),
(383, 236, 2),
(384, 237, 2),
(385, 238, 15),
(386, 238, 14),
(387, 239, 13),
(388, 240, 10),
(389, 241, 1),
(390, 242, 1),
(391, 243, 13),
(392, 244, 10),
(393, 245, 11),
(394, 246, 6),
(395, 246, 5),
(396, 247, 6),
(397, 247, 5),
(398, 248, 17),
(399, 248, 6),
(400, 249, 14),
(401, 249, 3),
(402, 250, 10),
(403, 250, 3),
(404, 251, 14),
(405, 251, 12),
(406, 252, 12),
(407, 253, 12),
(408, 254, 12),
(409, 255, 10),
(410, 256, 10),
(411, 256, 2),
(412, 257, 10),
(413, 257, 2),
(414, 258, 11),
(415, 259, 11),
(416, 259, 5),
(417, 260, 11),
(418, 260, 5),
(419, 261, 17),
(420, 262, 17),
(421, 263, 1),
(422, 264, 1),
(423, 265, 7),
(424, 266, 7),
(425, 267, 7),
(426, 267, 3),
(427, 268, 7),
(428, 269, 7),
(429, 269, 4),
(430, 270, 12),
(431, 270, 11),
(432, 271, 12),
(433, 271, 11),
(434, 272, 12),
(435, 272, 11),
(436, 273, 12),
(437, 274, 17),
(438, 274, 12),
(439, 275, 17),
(440, 275, 12),
(441, 276, 3),
(442, 276, 1),
(443, 277, 3),
(444, 277, 1),
(445, 278, 11),
(446, 278, 3),
(447, 279, 11),
(448, 279, 3),
(449, 280, 14),
(450, 281, 14),
(451, 282, 14),
(452, 283, 11),
(453, 283, 7),
(454, 284, 7),
(455, 284, 3),
(456, 285, 12),
(457, 286, 12),
(458, 286, 2),
(459, 287, 1),
(460, 288, 1),
(461, 289, 1),
(462, 290, 7),
(463, 290, 5),
(464, 291, 7),
(465, 291, 3),
(466, 292, 8),
(467, 292, 7),
(468, 293, 1),
(469, 294, 1),
(470, 295, 1),
(471, 296, 2),
(472, 297, 2),
(473, 298, 1),
(474, 299, 6),
(475, 300, 1),
(476, 301, 1),
(477, 302, 17),
(478, 302, 8),
(479, 303, 9),
(480, 304, 9),
(481, 304, 6),
(482, 305, 9),
(483, 305, 6),
(484, 306, 9),
(485, 306, 6),
(486, 307, 14),
(487, 307, 2),
(488, 308, 14),
(489, 308, 2),
(490, 309, 13),
(491, 310, 13),
(492, 311, 13),
(493, 312, 13),
(494, 313, 7),
(495, 314, 7),
(496, 315, 12),
(497, 315, 4),
(498, 316, 4),
(499, 317, 4),
(500, 318, 17),
(501, 318, 11),
(502, 319, 17),
(503, 319, 11),
(504, 320, 11),
(505, 321, 11),
(506, 322, 10),
(507, 322, 5),
(508, 323, 10),
(509, 323, 5),
(510, 324, 10),
(511, 325, 14),
(512, 326, 14),
(513, 327, 1),
(514, 328, 5),
(515, 329, 16),
(516, 329, 5),
(517, 330, 16),
(518, 330, 5),
(519, 331, 12),
(520, 332, 17),
(521, 332, 12),
(522, 333, 3),
(523, 333, 1),
(524, 334, 16),
(525, 334, 3),
(526, 335, 1),
(527, 336, 4),
(528, 337, 14),
(529, 337, 6),
(530, 338, 14),
(531, 338, 6),
(532, 339, 11),
(533, 339, 5),
(534, 340, 11),
(535, 340, 5),
(536, 341, 11),
(537, 342, 17),
(538, 342, 11),
(539, 343, 14),
(540, 343, 5),
(541, 344, 14),
(542, 344, 5),
(543, 345, 12),
(544, 345, 6),
(545, 346, 12),
(546, 346, 6),
(547, 347, 7),
(548, 347, 6),
(549, 348, 7),
(550, 348, 6),
(551, 349, 11),
(552, 350, 11),
(553, 351, 1),
(554, 352, 1),
(555, 353, 8),
(556, 354, 8),
(557, 355, 8),
(558, 356, 8),
(559, 357, 12),
(560, 357, 3),
(561, 358, 14),
(562, 359, 17),
(563, 360, 14),
(564, 361, 15),
(565, 362, 15),
(566, 363, 15),
(567, 363, 11),
(568, 364, 15),
(569, 364, 11),
(570, 365, 15),
(571, 365, 11),
(572, 366, 11),
(573, 367, 11),
(574, 368, 11),
(575, 369, 11),
(576, 369, 6),
(577, 370, 11),
(578, 371, 16),
(579, 372, 16),
(580, 373, 16),
(581, 373, 3),
(582, 374, 14),
(583, 374, 9),
(584, 375, 14),
(585, 375, 9),
(586, 376, 14),
(587, 376, 9),
(588, 377, 6),
(589, 378, 15),
(590, 379, 9),
(591, 380, 16),
(592, 380, 14),
(593, 381, 16),
(594, 381, 14),
(595, 382, 11),
(596, 383, 5),
(597, 384, 16),
(598, 384, 3),
(599, 385, 14),
(600, 385, 9),
(601, 386, 14),
(602, 387, 12),
(603, 388, 12),
(604, 389, 12),
(605, 389, 5),
(606, 390, 10),
(607, 391, 10),
(608, 391, 2),
(609, 392, 10),
(610, 392, 2),
(611, 393, 11),
(612, 394, 11),
(613, 395, 11),
(614, 395, 9),
(615, 396, 3),
(616, 396, 1),
(617, 397, 3),
(618, 397, 1),
(619, 398, 3),
(620, 398, 1),
(621, 399, 1),
(622, 400, 11),
(623, 400, 1),
(624, 401, 7),
(625, 402, 7),
(626, 403, 13),
(627, 404, 13),
(628, 405, 13),
(629, 406, 12),
(630, 406, 4),
(631, 407, 12),
(632, 407, 4),
(633, 408, 6),
(634, 409, 6),
(635, 410, 9),
(636, 410, 6),
(637, 411, 9),
(638, 411, 6),
(639, 412, 7),
(640, 413, 12),
(641, 413, 7),
(642, 414, 7),
(643, 414, 3),
(644, 415, 7),
(645, 415, 3),
(646, 416, 7),
(647, 416, 3),
(648, 417, 13),
(649, 418, 11),
(650, 419, 11),
(651, 420, 12),
(652, 421, 12),
(653, 422, 11),
(654, 423, 11),
(655, 423, 5),
(656, 424, 1),
(657, 425, 8),
(658, 425, 3),
(659, 426, 8),
(660, 426, 3),
(661, 427, 1),
(662, 428, 1),
(663, 429, 8),
(664, 430, 17),
(665, 430, 3),
(666, 431, 1),
(667, 432, 1),
(668, 433, 14),
(669, 434, 17),
(670, 434, 4),
(671, 435, 17),
(672, 435, 4),
(673, 436, 14),
(674, 436, 9),
(675, 437, 14),
(676, 437, 9),
(677, 438, 6),
(678, 439, 14),
(679, 440, 1),
(680, 441, 3),
(681, 441, 1),
(682, 442, 17),
(683, 442, 8),
(684, 443, 16),
(685, 443, 5),
(686, 444, 16),
(687, 444, 5),
(688, 445, 16),
(689, 445, 5),
(690, 446, 1),
(691, 447, 2),
(692, 448, 9),
(693, 448, 2),
(694, 449, 5),
(695, 450, 5),
(696, 451, 7),
(697, 451, 4),
(698, 452, 17),
(699, 452, 4),
(700, 453, 4),
(701, 453, 2),
(702, 454, 4),
(703, 454, 2),
(704, 455, 12),
(705, 456, 11),
(706, 457, 11),
(707, 458, 11),
(708, 458, 3),
(709, 459, 15),
(710, 459, 12),
(711, 460, 15),
(712, 460, 12),
(713, 461, 17),
(714, 461, 15),
(715, 462, 13),
(716, 462, 9),
(717, 463, 1),
(718, 464, 6),
(719, 464, 5),
(720, 465, 12),
(721, 466, 13),
(722, 467, 10),
(723, 468, 3),
(724, 469, 7),
(725, 469, 3),
(726, 470, 12),
(727, 471, 15),
(728, 472, 5),
(729, 472, 3),
(730, 473, 15),
(731, 473, 5),
(732, 474, 1),
(733, 475, 14),
(734, 475, 2),
(735, 476, 9),
(736, 476, 6),
(737, 477, 8),
(738, 478, 15),
(739, 478, 8),
(740, 479, 13),
(741, 479, 8),
(742, 480, 14),
(743, 481, 14),
(744, 482, 14),
(745, 483, 16),
(746, 483, 9),
(747, 484, 16),
(748, 484, 11),
(749, 485, 10),
(750, 485, 9),
(751, 486, 1),
(752, 487, 16),
(753, 487, 8),
(754, 488, 14),
(755, 489, 11),
(756, 490, 11),
(757, 491, 17),
(758, 492, 12),
(759, 493, 1),
(760, 494, 14),
(761, 494, 10),
(762, 495, 12),
(763, 496, 12),
(764, 497, 12),
(765, 498, 10),
(766, 499, 10),
(767, 499, 2),
(768, 500, 10),
(769, 500, 2),
(770, 501, 11),
(771, 502, 11),
(772, 503, 11),
(773, 504, 1),
(774, 505, 1),
(775, 506, 1),
(776, 507, 1),
(777, 508, 1),
(778, 509, 17),
(779, 510, 17),
(780, 511, 12),
(781, 512, 12),
(782, 513, 10),
(783, 514, 10),
(784, 515, 11),
(785, 516, 11),
(786, 517, 14),
(787, 518, 14),
(788, 519, 3),
(789, 519, 1),
(790, 520, 3),
(791, 520, 1),
(792, 521, 3),
(793, 521, 1),
(794, 522, 13),
(795, 523, 13),
(796, 524, 6),
(797, 525, 6),
(798, 526, 6),
(799, 527, 14),
(800, 527, 3),
(801, 528, 14),
(802, 528, 3),
(803, 529, 5),
(804, 530, 9),
(805, 530, 5),
(806, 531, 1),
(807, 532, 2),
(808, 533, 2),
(809, 534, 2),
(810, 535, 11),
(811, 536, 11),
(812, 536, 5),
(813, 537, 11),
(814, 537, 5),
(815, 538, 2),
(816, 539, 2),
(817, 540, 12),
(818, 540, 7),
(819, 541, 12),
(820, 541, 7),
(821, 542, 12),
(822, 542, 7),
(823, 543, 7),
(824, 543, 4),
(825, 544, 7),
(826, 544, 4),
(827, 545, 7),
(828, 545, 4),
(829, 546, 12),
(830, 547, 12),
(831, 548, 12),
(832, 549, 12),
(833, 550, 11),
(834, 551, 17),
(835, 551, 5),
(836, 552, 17),
(837, 552, 5),
(838, 553, 17),
(839, 553, 5),
(840, 554, 10),
(841, 555, 10),
(842, 556, 12),
(843, 557, 7),
(844, 557, 6),
(845, 558, 7),
(846, 558, 6),
(847, 559, 17),
(848, 559, 2),
(849, 560, 17),
(850, 560, 2),
(851, 561, 14),
(852, 561, 3),
(853, 562, 8),
(854, 563, 8),
(855, 564, 11),
(856, 564, 6),
(857, 565, 11),
(858, 565, 6),
(859, 566, 6),
(860, 566, 3),
(861, 567, 6),
(862, 567, 3),
(863, 568, 4),
(864, 569, 4),
(865, 570, 17),
(866, 571, 17),
(867, 572, 1),
(868, 573, 1),
(869, 574, 14),
(870, 575, 14),
(871, 576, 14),
(872, 577, 14),
(873, 578, 14),
(874, 579, 14),
(875, 580, 11),
(876, 580, 3),
(877, 581, 11),
(878, 581, 3),
(879, 582, 15),
(880, 583, 15),
(881, 584, 15),
(882, 585, 12),
(883, 585, 1),
(884, 586, 12),
(885, 586, 1),
(886, 587, 13),
(887, 587, 3),
(888, 588, 7),
(889, 589, 9),
(890, 589, 7),
(891, 590, 12),
(892, 590, 4),
(893, 591, 12),
(894, 591, 4),
(895, 592, 11),
(896, 592, 8),
(897, 593, 11),
(898, 593, 8),
(899, 594, 11),
(900, 595, 13),
(901, 595, 7),
(902, 596, 13),
(903, 596, 7),
(904, 597, 12),
(905, 597, 9),
(906, 598, 12),
(907, 598, 9),
(908, 599, 9),
(909, 600, 9),
(910, 601, 9),
(911, 602, 13),
(912, 603, 13),
(913, 604, 13),
(914, 605, 14),
(915, 606, 14),
(916, 607, 10),
(917, 607, 8),
(918, 608, 10),
(919, 608, 8),
(920, 609, 10),
(921, 609, 8),
(922, 610, 16),
(923, 611, 16),
(924, 612, 16),
(925, 613, 15),
(926, 614, 15),
(927, 615, 15),
(928, 616, 7),
(929, 617, 7),
(930, 618, 13),
(931, 618, 5),
(932, 619, 2),
(933, 620, 2),
(934, 621, 16),
(935, 622, 8),
(936, 622, 5),
(937, 623, 8),
(938, 623, 5),
(939, 624, 17),
(940, 624, 9),
(941, 625, 17),
(942, 625, 9),
(943, 626, 1),
(944, 627, 3),
(945, 627, 1),
(946, 628, 3),
(947, 628, 1),
(948, 629, 17),
(949, 629, 3),
(950, 630, 17),
(951, 630, 3),
(952, 631, 10),
(953, 632, 9),
(954, 632, 7),
(955, 633, 17),
(956, 633, 16),
(957, 634, 17),
(958, 634, 16),
(959, 635, 17),
(960, 635, 16),
(961, 636, 10),
(962, 636, 7),
(963, 637, 10),
(964, 637, 7),
(965, 638, 9),
(966, 638, 2),
(967, 639, 6),
(968, 639, 2),
(969, 640, 12),
(970, 640, 2),
(971, 641, 3),
(972, 642, 13),
(973, 642, 3),
(974, 643, 16),
(975, 643, 10),
(976, 644, 16),
(977, 644, 13),
(978, 645, 5),
(979, 645, 3),
(980, 646, 16),
(981, 646, 15),
(982, 647, 11),
(983, 647, 2),
(984, 648, 14),
(985, 648, 1),
(986, 649, 9),
(987, 649, 7),
(988, 10001, 14),
(989, 10002, 14),
(990, 10003, 14),
(991, 10004, 7),
(992, 10004, 5),
(993, 10005, 9),
(994, 10005, 7),
(995, 10006, 12),
(996, 10006, 3),
(997, 10007, 16),
(998, 10007, 8),
(999, 10008, 13),
(1000, 10008, 10),
(1001, 10009, 13),
(1002, 10009, 11),
(1003, 10010, 15),
(1004, 10010, 13),
(1005, 10011, 13),
(1006, 10011, 3),
(1007, 10012, 13),
(1008, 10012, 12),
(1009, 10013, 10),
(1010, 10014, 11),
(1011, 10015, 15),
(1012, 10016, 11),
(1013, 10017, 14),
(1014, 10017, 10),
(1015, 10018, 2),
(1016, 10018, 1),
(1017, 10019, 3),
(1018, 10020, 13),
(1019, 10020, 3),
(1020, 10021, 5),
(1021, 10021, 3),
(1022, 10022, 16),
(1023, 10022, 15),
(1024, 10023, 16),
(1025, 10023, 15),
(1026, 10024, 11),
(1027, 10024, 2);

-- --------------------------------------------------------

--
-- Estructura de tabla para la tabla `region`
--

CREATE TABLE `region` (
  `id` int(11) NOT NULL,
  `name_region` varchar(50) NOT NULL,
  `generation_id` int(11) DEFAULT NULL
) ENGINE=InnoDB DEFAULT CHARSET=utf8mb4 COLLATE=utf8mb4_general_ci;

--
-- Volcado de datos para la tabla `region`
--

INSERT INTO `region` (`id`, `name_region`, `generation_id`) VALUES
(1, 'kanto', 1),
(2, 'johto', 2),
(3, 'hoenn', 3),
(4, 'sinnoh', 4),
(5, 'unova', 5);

-- --------------------------------------------------------

--
-- Estructura de tabla para la tabla `types`
--

CREATE TABLE `types` (
  `id` int(11) NOT NULL,
  `name_types` varchar(50) NOT NULL,
  `generation_id` int(11) NOT NULL
) ENGINE=InnoDB DEFAULT CHARSET=utf8mb4 COLLATE=utf8mb4_general_ci;

--
-- Volcado de datos para la tabla `types`
--

INSERT INTO `types` (`id`, `name_types`, `generation_id`) VALUES
(1, 'normal', 1),
(2, 'fighting', 1),
(3, 'flying', 1),
(4, 'poison', 1),
(5, 'ground', 1),
(6, 'rock', 1),
(7, 'bug', 1),
(8, 'ghost', 1),
(9, 'steel', 2),
(10, 'fire', 1),
(11, 'water', 1),
(12, 'grass', 1),
(13, 'electric', 1),
(14, 'psychic', 1),
(15, 'ice', 1),
(16, 'dragon', 1),
(17, 'dark', 2),
(10001, 'unknown', 2),
(10002, 'shadow', 3);

--
-- Índices para tablas volcadas
--

--
-- Indices de la tabla `abilities`
--
ALTER TABLE `abilities`
  ADD PRIMARY KEY (`id`),
  ADD KEY `generation_id` (`generation_id`);

--
-- Indices de la tabla `evolution_trigger`
--
ALTER TABLE `evolution_trigger`
  ADD PRIMARY KEY (`id`);

--
-- Indices de la tabla `generation`
--
ALTER TABLE `generation`
  ADD PRIMARY KEY (`id`);

--
-- Indices de la tabla `item`
--
ALTER TABLE `item`
  ADD PRIMARY KEY (`id`);

--
-- Indices de la tabla `location`
--
ALTER TABLE `location`
  ADD PRIMARY KEY (`id`),
  ADD KEY `region_id` (`region_id`);

--
-- Indices de la tabla `pokemon`
--
ALTER TABLE `pokemon`
  ADD PRIMARY KEY (`id`),
  ADD KEY `generation_id` (`generation_id`);

--
-- Indices de la tabla `pokemon_abilities`
--
ALTER TABLE `pokemon_abilities`
  ADD PRIMARY KEY (`id`),
  ADD KEY `pokemon_id` (`pokemon_id`),
  ADD KEY `ability_id` (`ability_id`);

--
-- Indices de la tabla `pokemon_evolution`
--
ALTER TABLE `pokemon_evolution`
  ADD PRIMARY KEY (`id`),
  ADD KEY `pokemon_evolved_id` (`evolved_pokemon_id`),
  ADD KEY `evolution_trigger_id` (`evolution_trigger_id`),
  ADD KEY `trigger_item_id` (`trigger_item_id`);

--
-- Indices de la tabla `pokemon_evolves`
--
ALTER TABLE `pokemon_evolves`
  ADD PRIMARY KEY (`id`),
  ADD KEY `pokemon_id` (`pokemon_id`),
  ADD KEY `evolves_from_species_id` (`evolves_from_species_id`);

--
-- Indices de la tabla `pokemon_types`
--
ALTER TABLE `pokemon_types`
  ADD PRIMARY KEY (`id`),
  ADD KEY `pokemon_id` (`pokemon_id`),
  ADD KEY `type_id` (`type_id`);

--
-- Indices de la tabla `region`
--
ALTER TABLE `region`
  ADD PRIMARY KEY (`id`),
  ADD KEY `generation_id` (`generation_id`);

--
-- Indices de la tabla `types`
--
ALTER TABLE `types`
  ADD PRIMARY KEY (`id`),
  ADD KEY `generation_id` (`generation_id`);

--
-- AUTO_INCREMENT de las tablas volcadas
--

--
-- AUTO_INCREMENT de la tabla `abilities`
--
ALTER TABLE `abilities`
  MODIFY `id` int(11) NOT NULL AUTO_INCREMENT, AUTO_INCREMENT=10061;

--
-- AUTO_INCREMENT de la tabla `evolution_trigger`
--
ALTER TABLE `evolution_trigger`
  MODIFY `id` int(11) NOT NULL AUTO_INCREMENT, AUTO_INCREMENT=14;

--
-- AUTO_INCREMENT de la tabla `generation`
--
ALTER TABLE `generation`
  MODIFY `id` int(11) NOT NULL AUTO_INCREMENT, AUTO_INCREMENT=10;

--
-- AUTO_INCREMENT de la tabla `item`
--
ALTER TABLE `item`
  MODIFY `id` int(11) NOT NULL AUTO_INCREMENT, AUTO_INCREMENT=10003;

--
-- AUTO_INCREMENT de la tabla `location`
--
ALTER TABLE `location`
  MODIFY `id` int(11) NOT NULL AUTO_INCREMENT, AUTO_INCREMENT=963;

--
-- AUTO_INCREMENT de la tabla `pokemon`
--
ALTER TABLE `pokemon`
  MODIFY `id` int(11) NOT NULL AUTO_INCREMENT, AUTO_INCREMENT=10025;

--
-- AUTO_INCREMENT de la tabla `pokemon_abilities`
--
ALTER TABLE `pokemon_abilities`
  MODIFY `id` int(11) NOT NULL AUTO_INCREMENT, AUTO_INCREMENT=1634;

--
-- AUTO_INCREMENT de la tabla `pokemon_evolution`
--
ALTER TABLE `pokemon_evolution`
  MODIFY `id` int(11) NOT NULL AUTO_INCREMENT, AUTO_INCREMENT=462;

--
-- AUTO_INCREMENT de la tabla `pokemon_evolves`
--
ALTER TABLE `pokemon_evolves`
  MODIFY `id` int(11) NOT NULL AUTO_INCREMENT, AUTO_INCREMENT=650;

--
-- AUTO_INCREMENT de la tabla `pokemon_types`
--
ALTER TABLE `pokemon_types`
  MODIFY `id` int(11) NOT NULL AUTO_INCREMENT, AUTO_INCREMENT=1028;

--
-- AUTO_INCREMENT de la tabla `region`
--
ALTER TABLE `region`
  MODIFY `id` int(11) NOT NULL AUTO_INCREMENT, AUTO_INCREMENT=11;

--
-- AUTO_INCREMENT de la tabla `types`
--
ALTER TABLE `types`
  MODIFY `id` int(11) NOT NULL AUTO_INCREMENT, AUTO_INCREMENT=10003;

--
-- Restricciones para tablas volcadas
--

--
-- Filtros para la tabla `abilities`
--
ALTER TABLE `abilities`
  ADD CONSTRAINT `abilities_ibfk_1` FOREIGN KEY (`generation_id`) REFERENCES `generation` (`id`);

--
-- Filtros para la tabla `location`
--
ALTER TABLE `location`
  ADD CONSTRAINT `location_ibfk_1` FOREIGN KEY (`region_id`) REFERENCES `region` (`id`);

--
-- Filtros para la tabla `pokemon`
--
ALTER TABLE `pokemon`
  ADD CONSTRAINT `pokemon_ibfk_1` FOREIGN KEY (`generation_id`) REFERENCES `generation` (`id`);

--
-- Filtros para la tabla `pokemon_abilities`
--
ALTER TABLE `pokemon_abilities`
  ADD CONSTRAINT `pokemon_abilities_ibfk_1` FOREIGN KEY (`pokemon_id`) REFERENCES `pokemon` (`id`),
  ADD CONSTRAINT `pokemon_abilities_ibfk_2` FOREIGN KEY (`ability_id`) REFERENCES `abilities` (`id`);

--
-- Filtros para la tabla `pokemon_evolution`
--
ALTER TABLE `pokemon_evolution`
  ADD CONSTRAINT `pokemon_evolution_ibfk_1` FOREIGN KEY (`evolved_pokemon_id`) REFERENCES `pokemon` (`id`),
  ADD CONSTRAINT `pokemon_evolution_ibfk_2` FOREIGN KEY (`evolution_trigger_id`) REFERENCES `evolution_trigger` (`id`),
  ADD CONSTRAINT `pokemon_evolution_ibfk_3` FOREIGN KEY (`trigger_item_id`) REFERENCES `item` (`id`);

--
-- Filtros para la tabla `pokemon_evolves`
--
ALTER TABLE `pokemon_evolves`
  ADD CONSTRAINT `pokemon_evolves_ibfk_1` FOREIGN KEY (`pokemon_id`) REFERENCES `pokemon` (`id`),
  ADD CONSTRAINT `pokemon_evolves_ibfk_2` FOREIGN KEY (`evolves_from_species_id`) REFERENCES `pokemon` (`id`);

--
-- Filtros para la tabla `pokemon_types`
--
ALTER TABLE `pokemon_types`
  ADD CONSTRAINT `pokemon_types_ibfk_1` FOREIGN KEY (`pokemon_id`) REFERENCES `pokemon` (`id`),
  ADD CONSTRAINT `pokemon_types_ibfk_2` FOREIGN KEY (`type_id`) REFERENCES `types` (`id`);

--
-- Filtros para la tabla `region`
--
ALTER TABLE `region`
  ADD CONSTRAINT `region_ibfk_1` FOREIGN KEY (`generation_id`) REFERENCES `generation` (`id`);

--
-- Filtros para la tabla `types`
--
ALTER TABLE `types`
  ADD CONSTRAINT `types_ibfk_1` FOREIGN KEY (`generation_id`) REFERENCES `generation` (`id`);
COMMIT;

/*!40101 SET CHARACTER_SET_CLIENT=@OLD_CHARACTER_SET_CLIENT */;
/*!40101 SET CHARACTER_SET_RESULTS=@OLD_CHARACTER_SET_RESULTS */;
/*!40101 SET COLLATION_CONNECTION=@OLD_COLLATION_CONNECTION */;
